epoch,Abdomen,Head,LForeFoot,LForeLeg,LHindFoot,LHindLeg,LMidFoot,LMidLeg,Lower_Thorax,Neck,Petiole,RForeFoot,RForeLeg,RHindFoot,RHindLeg,RMidFoot,RMidLeg,Upper_Thorax,loss,lr,val_Abdomen,val_Head,val_LForeFoot,val_LForeLeg,val_LHindFoot,val_LHindLeg,val_LMidFoot,val_LMidLeg,val_Lower_Thorax,val_Neck,val_Petiole,val_RForeFoot,val_RForeLeg,val_RHindFoot,val_RHindLeg,val_RMidFoot,val_RMidLeg,val_Upper_Thorax,val_loss
0,0.010173064656555653,0.007426643744111061,0.007444916758686304,0.009757855907082558,0.010102270171046257,0.010038385167717934,0.00943559780716896,0.010178258642554283,0.00851400662213564,0.008926798589527607,0.008476730436086655,0.006407101638615131,0.009793360717594624,0.010111689567565918,0.010024827904999256,0.009351463988423347,0.010248087346553802,0.008808285929262638,0.009178852662444115,1e-04,0.009548909962177277,0.006855970714241266,0.007559444755315781,0.009611453860998154,0.009394358843564987,0.009147392585873604,0.009889405220746994,0.00977913849055767,0.006677233148366213,0.0072759720496833324,0.006440338678658009,0.008007103577256203,0.009526994079351425,0.010496244765818119,0.009865276515483856,0.009332756511867046,0.009816157631576061,0.0070932176895439625,0.008684298023581505
1,0.008236654102802277,0.0060073500499129295,0.007266297470778227,0.009017528034746647,0.009883307851850986,0.008989657275378704,0.009411454200744629,0.00964159332215786,0.005333867855370045,0.006809713318943977,0.005165775306522846,0.006323339883238077,0.008993991650640965,0.009991739876568317,0.009178364649415016,0.00931579153984785,0.009736071340739727,0.006160062272101641,0.008081251755356789,1e-04,0.006472860928624868,0.00505550391972065,0.007101884111762047,0.009258311241865158,0.009218699298799038,0.008117926307022572,0.009851401671767235,0.00872084405273199,0.003327024867758155,0.005885026883333921,0.0027124849148094654,0.007984977215528488,0.00843031331896782,0.010431548580527306,0.009261036291718483,0.00953395664691925,0.008872141130268574,0.0038008280098438263,0.007446487434208393
2,0.005195850506424904,0.0039908625185489655,0.007076266687363386,0.008096681907773018,0.009665891528129578,0.008251840248703957,0.009229149669408798,0.008855490013957024,0.003306166036054492,0.004448619671165943,0.0031725801527500153,0.006101747043430805,0.008388087153434753,0.009763737209141254,0.008546150289475918,0.00925198383629322,0.009202010929584503,0.004024079535156488,0.007031511515378952,1e-04,0.004752988927066326,0.0026856239419430494,0.0072133769281208515,0.007999159395694733,0.008914351463317871,0.006866104900836945,0.009346500039100647,0.007856545969843864,0.002533601364120841,0.002631851239129901,0.0019111603032797575,0.007620575837790966,0.0074907694943249226,0.010231786407530308,0.008973933756351471,0.008995570242404938,0.00848767627030611,0.0021041862200945616,0.006478653755038977
3,0.0034524151124060154,0.00264510465785861,0.0067423307336866856,0.007269484922289848,0.009206266142427921,0.0076146600767970085,0.009061943739652634,0.008228438906371593,0.00257875001989305,0.002902714069932699,0.0025267242453992367,0.005965044721961021,0.007716232445091009,0.009228873997926712,0.007792471908032894,0.009008921682834625,0.008608808740973473,0.002951462985947728,0.006305592600256205,1e-04,0.004017522558569908,0.001187237212434411,0.006541719194501638,0.0065946332179009914,0.008716457523405552,0.0067414105869829655,0.009343523532152176,0.00738467276096344,0.0018535091076046228,0.0012167766690254211,0.001399425440467894,0.007197539322078228,0.006792471744120121,0.010134927928447723,0.0075395312160253525,0.00901710707694292,0.007984568364918232,0.001210087793879211,0.005826285108923912
4,0.002553150523453951,0.0019860221073031425,0.006448561325669289,0.006580772344022989,0.008750601671636105,0.0070600854232907295,0.008864049799740314,0.007705838419497013,0.002062596380710602,0.0021023142617195845,0.0019876156002283096,0.005734081845730543,0.007087486796081066,0.008697204291820526,0.006982419174164534,0.008743435144424438,0.007968772202730179,0.0022193209733814,0.005751908291131258,1e-04,0.0038011441938579082,0.0011877751676365733,0.006119627971202135,0.006180004216730595,0.008524182252585888,0.0065476917661726475,0.008992081508040428,0.006575229577720165,0.0020646622870117426,0.0013749133795499802,0.0017203378956764936,0.007114939857274294,0.007075079716742039,0.009750930592417717,0.007101763971149921,0.00892562698572874,0.00781874917447567,0.0013519646599888802,0.0056792618706822395
5,0.002005254616960883,0.001567765837535262,0.006154254544526339,0.006040466018021107,0.008224526420235634,0.006637269631028175,0.008679368533194065,0.007183633279055357,0.001753208925947547,0.0017184811877086759,0.0015997807495296001,0.005393987987190485,0.006382765248417854,0.00815887376666069,0.006343563552945852,0.008489768952131271,0.007408155128359795,0.0017792775761336088,0.005306687206029892,1e-04,0.002820985857397318,0.0014385151444002986,0.005875208880752325,0.0057488298043608665,0.00836044643074274,0.006468429695814848,0.008573140017688274,0.006218927446752787,0.002261244459077716,0.001595890847966075,0.0016201484249904752,0.0068490225821733475,0.006604066584259272,0.00918356142938137,0.006874142214655876,0.008556322194635868,0.007556622847914696,0.0013443011557683349,0.005441655870527029
6,0.0017501275287941098,0.0013383518671616912,0.005712768528610468,0.00544463936239481,0.007807299494743347,0.0061085098423063755,0.008484875783324242,0.006510652136057615,0.0015096577117219567,0.001401941874064505,0.0013925775419920683,0.0051836492493748665,0.005820645950734615,0.0077247656881809235,0.005640453193336725,0.008153515867888927,0.0066209700889885426,0.0015054169343784451,0.004895045887678862,1e-04,0.002850949065759778,0.0015782875707373023,0.005698144435882568,0.006068442016839981,0.008212381973862648,0.006572502665221691,0.00818085577338934,0.0058523002080619335,0.0021590921096503735,0.0016240145778283477,0.001627043355256319,0.0060888961888849735,0.005888211075216532,0.008676700294017792,0.006561674643307924,0.00821008998900652,0.007069985847920179,0.0014193484093993902,0.0052410513162612915
7,0.0015573898563161492,0.0011527460301294923,0.005356231704354286,0.005032922141253948,0.007438221015036106,0.005447387229651213,0.008145465515553951,0.00590676162391901,0.0013430028920993209,0.0012131186667829752,0.001190226525068283,0.004766734316945076,0.0051844315603375435,0.0074146767146885395,0.005012964829802513,0.007854609750211239,0.005869811866432428,0.0012751331087201834,0.004508991725742817,1e-04,0.002947648521512747,0.0008966157329268754,0.004819564986974001,0.004809971898794174,0.008027038536965847,0.005013506393879652,0.007691833656281233,0.005207208450883627,0.0016168258152902126,0.0008877181098796427,0.001300774165429175,0.005424232222139835,0.005161594599485397,0.008764753118157387,0.006006669718772173,0.008094469085335732,0.005300208926200867,0.0009470815421082079,0.004606539849191904
8,0.0013928102562204003,0.0010079880012199283,0.004903916735202074,0.004437917377799749,0.0069702924229204655,0.004672669339925051,0.007857274264097214,0.0051791369915008545,0.0011834906181320548,0.001091855694539845,0.0010025788797065616,0.004227071069180965,0.004530686419457197,0.007065833080559969,0.004373646806925535,0.007389181759208441,0.004918344784528017,0.0011017706710845232,0.004072582349181175,1e-04,0.002783162984997034,0.000786075193900615,0.004078657366335392,0.005376545246690512,0.008207551203668118,0.005224840249866247,0.006979748606681824,0.006089390721172094,0.0015045227482914925,0.000971758330706507,0.0012134602293372154,0.005012092180550098,0.005659945774823427,0.00788420531898737,0.005689156241714954,0.007087778300046921,0.005435091909021139,0.0010393038392066956,0.004501293879002333
9,0.0012712926836684346,0.000959946250077337,0.0044324216432869434,0.004139163065701723,0.00662847887724638,0.00403513852506876,0.007319130934774876,0.004644854925572872,0.001181101775728166,0.0010200774995610118,0.001047538942657411,0.0038587586022913456,0.004181569907814264,0.006857534870505333,0.003946844954043627,0.006913309451192617,0.004418672528117895,0.0011027954751625657,0.0037754785735160112,1e-04,0.0026213147211819887,0.0007179116946645081,0.004353595431894064,0.0040184804238379,0.006852591410279274,0.004440664313733578,0.006273168604820967,0.004658927209675312,0.0015518786385655403,0.0008098036632873118,0.0010750938672572374,0.0038949137087911367,0.004739999305456877,0.008081447333097458,0.004917509388178587,0.006979914847761393,0.005018102470785379,0.0007683489820919931,0.003987425938248634
10,0.0011171279475092888,0.0008270954713225365,0.0039925342425704,0.0036969028878957033,0.006208037957549095,0.003543620929121971,0.006741806864738464,0.004049533046782017,0.0009916066192090511,0.0008613643585704267,0.0008604273898527026,0.00352391111664474,0.0037329604383558035,0.00637782970443368,0.0034787640906870365,0.006332931574434042,0.003756085177883506,0.0009194749291054904,0.0033895564265549183,1e-04,0.0022438697051256895,0.0006252178573049605,0.0034888270311057568,0.0039823283441364765,0.007693533319979906,0.0039534312672913074,0.005712056532502174,0.005315879825502634,0.0014728914247825742,0.0006179059855639935,0.0011257509468123317,0.003659969661384821,0.004375939257442951,0.007264153100550175,0.004710845183581114,0.006602652836591005,0.004909781739115715,0.0006552546983584762,0.0038005716633051634
11,0.0010174039052799344,0.0007763383910059929,0.0035752104595303535,0.0033349222503602505,0.005695187486708164,0.0030733668245375156,0.006139615550637245,0.0035584939178079367,0.0009357095113955438,0.0007722938316874206,0.0007690231432206929,0.0032547786831855774,0.003355111926794052,0.006015141494572163,0.003128464799374342,0.005910930223762989,0.0033455512020736933,0.0008226425852626562,0.0030822320841252804,1e-04,0.0023077235091477633,0.0008335834136232734,0.005023403093218803,0.00559020834043622,0.008280064910650253,0.003559298813343048,0.005033697001636028,0.005113088060170412,0.0015363756101578474,0.0009626095416024327,0.0012588504469022155,0.0037344524171203375,0.004426866304129362,0.006426532287150621,0.004717022180557251,0.006145125720649958,0.004656209610402584,0.001052572508342564,0.003925426863133907
12,0.0009547112858854234,0.0007322673918679357,0.003288562409579754,0.0030502553563565016,0.005181309767067432,0.0027266889810562134,0.005545220337808132,0.003145610447973013,0.0008743539801798761,0.0007485252572223544,0.0007512635202147067,0.003031386062502861,0.002993532456457615,0.005463996436446905,0.002722674049437046,0.0053193471394479275,0.0029334945138543844,0.0008125677122734487,0.002793098334223032,1e-04,0.002135408343747258,0.0008069930481724441,0.0029549298342317343,0.004608856979757547,0.007205690257251263,0.0034848120994865894,0.005060830619186163,0.004558282438665628,0.001388815464451909,0.0008436100324615836,0.0011594333918765187,0.003681269008666277,0.004396927077323198,0.006175507791340351,0.003690298879519105,0.0058133359998464584,0.004884050693362951,0.0008483219426125288,0.0035387431271374226
13,0.0008556199027225375,0.0006927305366843939,0.0029603608418256044,0.0027429123874753714,0.004911181516945362,0.0023067216388881207,0.004969079978764057,0.002628995105624199,0.0007993890321813524,0.0006897371495142579,0.0006793321808800101,0.0028474917635321617,0.0027375987265259027,0.004889275413006544,0.002487822202965617,0.004806033335626125,0.0025111192371696234,0.0007269621710292995,0.0025134640745818615,1e-04,0.0022719064727425575,0.000580169667955488,0.0035144537687301636,0.0036691809073090553,0.006184747908264399,0.0023773645516484976,0.004731143359094858,0.003415097249671817,0.0008931958000175655,0.0005405775154940784,0.0007766568451188505,0.003498938400298357,0.003923711366951466,0.00657096691429615,0.003753317054361105,0.00558133888989687,0.00413204450160265,0.0005946963210590184,0.0031671947799623013
14,0.000856448954436928,0.0006826744647696614,0.00270927045494318,0.0025733986403793097,0.004395572002977133,0.002140776952728629,0.004380333703011274,0.0022939753253012896,0.0008050474571064115,0.000701755634509027,0.0006836649845354259,0.0026563769206404686,0.00259569613263011,0.004307644907385111,0.0022413223050534725,0.004449646454304457,0.002323978580534458,0.0007046977989375591,0.002305682050064206,1e-04,0.002358212834224105,0.000554019003175199,0.003045132849365473,0.0035475201439112425,0.005733119789510965,0.0032999063841998577,0.004773674067109823,0.003988973330706358,0.001461281906813383,0.0005811018636450171,0.0010600583627820015,0.0034504481591284275,0.0036810024175792933,0.0066734300926327705,0.0037536369636654854,0.005522369872778654,0.0038996392395347357,0.000614670745562762,0.0032221220899373293
15,0.0007829499081708491,0.0006181662902235985,0.002658146433532238,0.0024666935205459595,0.0040137688629329205,0.001932198996655643,0.004051261581480503,0.0021035438403487206,0.0006977512966841459,0.0006209808634594083,0.0005934515502303839,0.002489430131390691,0.0023335027508437634,0.003916574642062187,0.0021178757306188345,0.004144772421568632,0.002079361118376255,0.0006248800782486796,0.0021247391123324633,1e-04,0.0019345026230439544,0.0005968292825855315,0.0028084134683012962,0.0029360943008214235,0.006346908863633871,0.0031579171773046255,0.004747913219034672,0.0030906808096915483,0.0013772164238616824,0.0007536222110502422,0.0010314458049833775,0.0033651168923825026,0.0039625465869903564,0.006309954449534416,0.00443946523591876,0.006018622312694788,0.0036845875438302755,0.000902591913472861,0.003192468313500285
16,0.0007391203544102609,0.0005921103293076158,0.0023642671294510365,0.002281717024743557,0.003538873279467225,0.0017289568204432726,0.003610671730712056,0.0018547988729551435,0.0007292988593690097,0.0005879952223040164,0.0006139859324321151,0.0023076042998582125,0.002169620944187045,0.003673957195132971,0.001966180745512247,0.0037512602284550667,0.001846008817665279,0.0006327766459435225,0.0019438446033746004,1e-04,0.0017069171881303191,0.0005280618206597865,0.0026891687884926796,0.002904285676777363,0.005152711644768715,0.0024640776682645082,0.004246435593813658,0.0031071461271494627,0.0009641317301429808,0.0005314009031280875,0.0006968446541577578,0.0032135213259607553,0.0037398384883999825,0.006255453918129206,0.00351811689324677,0.005201770458370447,0.003895749570801854,0.0005164718604646623,0.00285178329795599
17,0.0007574710180051625,0.0005927197053097188,0.0022531559225171804,0.002133588306605816,0.0033124983310699463,0.001619181944988668,0.0032774771098047495,0.0016769224312156439,0.0006824830779805779,0.000586378329899162,0.0005745968664996326,0.0022757824044674635,0.0021415844094008207,0.003306647762656212,0.0019094933522865176,0.0035149892792105675,0.0017065483843907714,0.0005757440230809152,0.0018276256741955876,1e-04,0.001899605500511825,0.0006782283307984471,0.002928607165813446,0.0036204815842211246,0.00595814548432827,0.0032843269873410463,0.003922692965716124,0.004189448896795511,0.001194427371956408,0.0007674885564483702,0.0009628919651731849,0.0032534687779843807,0.0036814319901168346,0.005236305762082338,0.004080659244209528,0.004863751120865345,0.004124424420297146,0.0007203907007351518,0.0030759319197386503
18,0.0006892854580655694,0.0005402503302320838,0.001998891355469823,0.0019212670158594847,0.0028793998062610626,0.0014841756783425808,0.0028723767027258873,0.0014726034132763743,0.0006450898945331573,0.0005560919526033103,0.0005429275915957987,0.0020506985019892454,0.0019159091170877218,0.0028102868236601353,0.0016575177432969213,0.0030379481613636017,0.00148982391692698,0.0005585449398495257,0.0016179491067305207,1e-04,0.001791581860743463,0.0005311232525855303,0.002931110328063369,0.0033681364730000496,0.005660983268171549,0.003395149949938059,0.0037839815486222506,0.004217828158289194,0.0011722411727532744,0.0005515957018360496,0.0009412170620635152,0.002990080276504159,0.004005392547696829,0.005857986398041248,0.00388350454159081,0.005041336640715599,0.004182969219982624,0.000624863721895963,0.0030517270788550377
19,0.000627468281891197,0.0004863483482040465,0.0017878077924251556,0.001749130547977984,0.002541676629334688,0.0013018709141761065,0.002563659567385912,0.001286531100049615,0.000612906354945153,0.0004935486358590424,0.000522878544870764,0.0018838660325855017,0.0018233092268928885,0.0025631661992520094,0.0015534175327047706,0.0028249802999198437,0.001394070335663855,0.0005163369351066649,0.0014740549959242344,1e-04,0.001980177126824856,0.0006318119703792036,0.0030729789286851883,0.002752340631559491,0.004518479574471712,0.002676708623766899,0.0036277626641094685,0.003427216550335288,0.001265021157450974,0.0006548588280566037,0.0009811624186113477,0.0028575861360877752,0.003554171184077859,0.005762491840869188,0.0036218876484781504,0.004647853784263134,0.0038392578717321157,0.0007590181776322424,0.002812821650877595
20,0.0005864279810339212,0.00050529366126284,0.0017693289555609226,0.0016579966759309173,0.002410893328487873,0.001234891009517014,0.002390677109360695,0.001197637990117073,0.0005636131973005831,0.0004909615963697433,0.0004689458874054253,0.001829779357649386,0.0017100012628361583,0.0023214148823171854,0.0014876665081828833,0.0025451553519815207,0.00122249114792794,0.00047404394717887044,0.001381511683575809,1e-04,0.002189540769904852,0.0005584773025475442,0.003157705068588257,0.0031210037413984537,0.004534069448709488,0.002241839189082384,0.004193894565105438,0.003344567958265543,0.0007338178693316877,0.0005835312767885625,0.0004994972259737551,0.0037406340707093477,0.004217174369841814,0.007010729517787695,0.004085132852196693,0.004896500613540411,0.003874907735735178,0.0004627373127732426,0.0029692091047763824
21,0.0006009446806274354,0.0004715484392363578,0.0017536674859002233,0.001624993048608303,0.0022667127195745707,0.0011332558933645487,0.002283332869410515,0.0011750474805012345,0.0005376329063437879,0.00046296793152578175,0.00047250898205675185,0.0016996320337057114,0.001732467906549573,0.002087816596031189,0.0014773211441934109,0.002395619172602892,0.001249148859642446,0.0004780700255651027,0.0013279272243380547,1e-04,0.0020544789731502533,0.0005621511372737586,0.002796645276248455,0.003440731903538108,0.00503536919131875,0.0026212858501821756,0.0037387548945844173,0.0037636496126651764,0.0010944808600470424,0.0006194182205945253,0.0008394970209337771,0.0036568492650985718,0.0038528486620634794,0.00614766264334321,0.004199672024697065,0.004646830726414919,0.004443462938070297,0.0007346689235419035,0.003013803157955408
22,0.0005289078108035028,0.00043300772085785866,0.001525853294879198,0.0015001768479123712,0.0019381568999961019,0.0009912586538121104,0.001937908586114645,0.001042321091517806,0.0004952236777171493,0.0004497762129176408,0.00041768435039557517,0.0015799320535734296,0.001596499583683908,0.0019269399344921112,0.001341191353276372,0.002109353896230459,0.0010859853355214,0.00044789176899939775,0.001186003559269011,1e-04,0.0022089174017310143,0.0007362943142652512,0.002809952013194561,0.003888297127559781,0.00528607377782464,0.002998066134750843,0.004093934781849384,0.003924896474927664,0.0017465319251641631,0.0008175763068720698,0.0012816005619242787,0.0028878035955131054,0.004660578910261393,0.005520316306501627,0.0037674244958907366,0.0041426061652600765,0.004285372793674469,0.00081754254642874,0.003104099305346608
23,0.0004929691785946488,0.0003944945055991411,0.0014226450584828854,0.0013482351787388325,0.0017005631234496832,0.0009099565213546157,0.0018181713530793786,0.0008675694116391242,0.0004705830360762775,0.00040571499266661704,0.0004099075449630618,0.0014019199879840016,0.0014575336826965213,0.0016997281927615404,0.0012028630590066314,0.0018972544930875301,0.0009743598639033735,0.00041022684308700264,0.0010713720694184303,1e-04,0.002275342820212245,0.0005231791874393821,0.0028825465124100447,0.0022048454266041517,0.004565888550132513,0.002509994199499488,0.0036463714204728603,0.0036636758595705032,0.0009737873333506286,0.00044249711208976805,0.0005993201048113406,0.0034929525572806597,0.0037101763300597668,0.0060450113378465176,0.0037734475918114185,0.004497398156672716,0.003349527483806014,0.0004459889605641365,0.002755663823336363
24,0.0005238797166384757,0.0004291181394364685,0.0014580214628949761,0.001437943778000772,0.0017991949571296573,0.0010211966000497341,0.0019340115832164884,0.0010239231633022428,0.0005137167754583061,0.00043847679626196623,0.00044358099694363773,0.0015071633970364928,0.0015484638279303908,0.0017464690608903766,0.001350207137875259,0.0020253537222743034,0.0010886701056733727,0.00044160379911772907,0.0011517215752974153,1e-04,0.001632467145100236,0.0005845889681950212,0.0027305223047733307,0.003351487684994936,0.005803335458040237,0.0023931986652314663,0.004077168181538582,0.0037764040753245354,0.001214580493979156,0.0005310931010171771,0.0008809923892840743,0.003006218234077096,0.0037929655518382788,0.006208305712789297,0.003486503381282091,0.00406249426305294,0.0037205100525170565,0.0005960281705483794,0.002880492713302374
25,0.0004505119868554175,0.00041679368587210774,0.0013148124562576413,0.0012577985180541873,0.0015302121173590422,0.000819515495095402,0.001627982361242175,0.0008074388024397194,0.00044481069198809564,0.00039820163510739803,0.00039301576907746494,0.0013174095656722784,0.0014232747489586473,0.001634462270885706,0.0011778224725276232,0.0017020615050569177,0.0009182466892525554,0.0003859319258481264,0.0010011274134740233,1e-04,0.0018491641385480762,0.0005853900220245123,0.002554432488977909,0.0027117745485156775,0.004395621828734875,0.0017973508220165968,0.00314058898948133,0.0028070195112377405,0.0009510756935924292,0.0005743239307776093,0.0006807060563005507,0.0033405418507754803,0.003923977725207806,0.005330428946763277,0.0035999990068376064,0.003948256839066744,0.003769972361624241,0.0005687669035978615,0.002584966132417321
26,0.00039899087278172374,0.00038143323035910726,0.0012383547145873308,0.0011731573613360524,0.0013285671593621373,0.0007544792024418712,0.0014433130854740739,0.0007773077813908458,0.00044249583152122796,0.00038274648250080645,0.0003815656527876854,0.0012349541066214442,0.0013566049747169018,0.001345640397630632,0.0011323433136567473,0.0015626481035724282,0.0008846006821841002,0.0003754300414584577,0.0009219241910614073,1e-04,0.0022709215991199017,0.0005978591507300735,0.0022889748215675354,0.0028436745051294565,0.004502634052187204,0.0024737969506531954,0.0026284088380634785,0.003118107793852687,0.001010556356050074,0.0006364000728353858,0.0007903577643446624,0.0031196228228509426,0.0038903674576431513,0.004839946981519461,0.003375123953446746,0.004010271746665239,0.0035308983642607927,0.0005569745553657413,0.002582494169473648
27,0.0004307916387915611,0.00033175255521200597,0.0011099623516201973,0.0010812613181769848,0.0011995529057458043,0.0007088611018843949,0.0013224249705672264,0.0007238116231746972,0.0004159504023846239,0.0003235928888898343,0.0003455558035057038,0.0011257922742515802,0.0012636133469641209,0.001312415930442512,0.0010689919581636786,0.0014616998378187418,0.000797404267359525,0.0003144938382320106,0.0008521074778400362,1e-04,0.0018060386646538973,0.00038414736627601087,0.0019519890192896128,0.002134930109605193,0.004105816595256329,0.0022795835975557566,0.003008092287927866,0.0027856447268277407,0.0009628954576328397,0.00036432407796382904,0.0007272736402228475,0.003117044223472476,0.003366069868206978,0.006632746197283268,0.004024699795991182,0.0038600852712988853,0.00304760062135756,0.00046029576333239675,0.0025010709650814533
28,0.00041148081072606146,0.0003876526898238808,0.0011946436716243625,0.0011416429188102484,0.0012121140025556087,0.0006925283814780414,0.0013022780185565352,0.0007414330611936748,0.0004349051450844854,0.0003794077492784709,0.000387187406886369,0.0011019110679626465,0.001304942648857832,0.0012377237435430288,0.00104319560341537,0.0014015479246154428,0.000834377424325794,0.0003838073753286153,0.0008662657928653061,1e-04,0.0018858410185202956,0.0005726087256334722,0.0029064714908599854,0.003887658240273595,0.005161358509212732,0.002904533874243498,0.0033367618452757597,0.003836435964331031,0.000953591603320092,0.0005845542182214558,0.0006628502742387354,0.003160773543640971,0.004321980755776167,0.005054912529885769,0.003651951439678669,0.0037900954484939575,0.004167906939983368,0.000590659212321043,0.00285727484151721
29,0.00040555643499828875,0.0003314560744911432,0.001117944484576583,0.001052333158440888,0.0011757288593798876,0.000689009902998805,0.0011889090528711677,0.0006980873295105994,0.0004099339712411165,0.00032479551737196743,0.00035116213257424533,0.001032512984238565,0.0012263497337698936,0.001110748271457851,0.0010290758218616247,0.0012649790151044726,0.0007720802677795291,0.0003270054003223777,0.000805981457233429,1e-04,0.0016437830636277795,0.0006296633509919047,0.002468257211148739,0.0025776939000934362,0.0053228167816996574,0.0027215771842747927,0.003228479530662298,0.0033394088968634605,0.0011621980229392648,0.0005277748568914831,0.0008104611770249903,0.0025900136679410934,0.0036029350012540817,0.004967309534549713,0.0037571974098682404,0.003513198345899582,0.0035199353005737066,0.0005530388443730772,0.0026075413916260004
30,0.00040711608016863465,0.00033387375879101455,0.0010347566567361355,0.0010013739811256528,0.0009782337583601475,0.0006342158885672688,0.001168181886896491,0.0006596791790798306,0.0004143425030633807,0.0003237065102439374,0.00034607434645295143,0.0010075306054204702,0.0011660264572128654,0.0010773851536214352,0.001015603425912559,0.0011742835631594062,0.0006941912579350173,0.0003237987693864852,0.0007644653087481856,1e-04,0.0019270381890237331,0.000559899490326643,0.0023550689220428467,0.0027880726847797632,0.004585424438118935,0.002726079197600484,0.002912303665652871,0.003125181421637535,0.0009694633772596717,0.0006192414439283311,0.000640547601506114,0.0032376095186918974,0.003781846258789301,0.005195931997150183,0.0038667977787554264,0.0035967498552054167,0.0033560101874172688,0.0005574519163928926,0.0026000398211181164
31,0.00040501324110664427,0.0003275657072663307,0.0010497154435142875,0.0010060473578050733,0.0010474750306457281,0.0007050052518025041,0.0011454429477453232,0.0006902924505993724,0.00041101413080468774,0.0003048206854145974,0.00034603496897034347,0.0009948625229299068,0.0011428699363023043,0.001116188825108111,0.0009911491069942713,0.0012205615639686584,0.0007629785686731339,0.0003109546669293195,0.000776554923504591,1e-04,0.002206779085099697,0.0005274605355225503,0.003367465455085039,0.0038213462103158236,0.004904794506728649,0.002897359896451235,0.0033735930919647217,0.0036617927253246307,0.0007325558690354228,0.0005646729841828346,0.00048188763321377337,0.003813766408711672,0.0045180064626038074,0.005229831673204899,0.003615697380155325,0.0040426054038107395,0.0036832101177424192,0.0004497214104048908,0.0028829192742705345
32,0.00040783127769827843,0.0003070704697165638,0.000978944473899901,0.0009831427596509457,0.0009878755081444979,0.000666560314130038,0.0011290489928796887,0.000697860203217715,0.00038514265906997025,0.0002879627572838217,0.00031816857517696917,0.0009184087975881994,0.0011240900494158268,0.0010674594668671489,0.0010205561993643641,0.0011634324910119176,0.0007333551184274256,0.0003030087682418525,0.0007488842820748687,1e-04,0.001888734637759626,0.0004684162850026041,0.0022485535591840744,0.0026611853390932083,0.003815831383690238,0.002141377190127969,0.003122413530945778,0.0033628956880420446,0.0009123912313953042,0.0005528246401809156,0.0007260625134222209,0.0033163120970129967,0.0036753530148416758,0.0054399981163442135,0.0035347335506230593,0.00381653243675828,0.003289976390078664,0.000573829747736454,0.002530412282794714
33,0.00029867078410461545,0.00025904085487127304,0.0007979877991601825,0.0007763158064335585,0.0007457647589035332,0.0004895247402600944,0.0008030772441998124,0.0005017588846385479,0.0003205027605872601,0.00023627317568752915,0.00027235771995037794,0.0007525499677285552,0.000967063126154244,0.0007346625789068639,0.0007655745139345527,0.0008175668772310019,0.0005196338752284646,0.0002442928380332887,0.0005723676295019686,5e-05,0.0017774724401533604,0.00039647030644118786,0.002723378362134099,0.0030384615529328585,0.004391079768538475,0.002387908287346363,0.0030110946390777826,0.003027998609468341,0.000902462110389024,0.0004223535943310708,0.0006340278196148574,0.0032075103372335434,0.0036860681138932705,0.005659790243953466,0.00399912241846323,0.0037511067930608988,0.0034387384075671434,0.00044853173312731087,0.0026057541836053133
34,0.0003425510658416897,0.0002797310007736087,0.0008721083286218345,0.0008587246993556619,0.0007887532701715827,0.0005222969921305776,0.0008579627028666437,0.0005247195367701352,0.00033222947968170047,0.00025594091857783496,0.00028097673202864826,0.0008216212736442685,0.0009981420589610934,0.0007898311596363783,0.000846387876663357,0.0008777164039202034,0.0005441283574327826,0.00025951777934096754,0.0006140744662843645,5e-05,0.0017365044914186,0.0003916343557648361,0.002541793044656515,0.0023356773890554905,0.004326841328293085,0.002326483139768243,0.002704358659684658,0.003232840681448579,0.0009454958490096033,0.0004056602774653584,0.0006088971276767552,0.0028727571479976177,0.003867200342938304,0.0049318233504891396,0.003757873782888055,0.0038401230704039335,0.0034870291128754616,0.00043764678412117064,0.0024861465208232403
35,0.0003112164849881083,0.0002565548929851502,0.0007949874270707369,0.0007743121241219342,0.0006921808235347271,0.0004637426172848791,0.000805481628049165,0.0004763322649523616,0.00032032851595431566,0.0002291965065523982,0.0002728763793129474,0.0007150900200940669,0.0009265573462471366,0.0007245636661536992,0.0007576402858830988,0.0007987359422259033,0.000490242091473192,0.00023870078439358622,0.0005582631565630436,5e-05,0.002020115265622735,0.00047344292397610843,0.0024256680626422167,0.0030264519155025482,0.004761409014463425,0.0023534756619483232,0.0026220795698463917,0.0034984713420271873,0.0010795160196721554,0.0005141132278367877,0.0007693429943174124,0.0027350245509296656,0.003984446171671152,0.004990407265722752,0.0033701960928738117,0.0036623661871999502,0.003616059198975563,0.0005428401636891067,0.002580301370471716
36,0.00027947124908678234,0.0002516961540095508,0.0007558460929431021,0.0007317938143387437,0.0005993837839923799,0.00041597711970098317,0.0007407974335364997,0.0004366328357718885,0.000300925865303725,0.00023101235274225473,0.0002601004089228809,0.0006702349055558443,0.0008727292879484594,0.0006079699378460646,0.0007212857017293572,0.0007072235457599163,0.00047483298112638295,0.00022995882318355143,0.0005159930442459881,5e-05,0.0018316401401534677,0.0003829540510196239,0.00247047352604568,0.002530477475374937,0.004031841643154621,0.002071614842861891,0.0029847638215869665,0.002914013108238578,0.00092981883790344,0.00041931052692234516,0.0006485326448455453,0.003151588374748826,0.0037465132772922516,0.005794974975287914,0.0040314821526408195,0.0038410744164139032,0.003618036163970828,0.00044944504043087363,0.0025471418630331755
37,0.00029117215308360755,0.0002576718688942492,0.0007299566641449928,0.000712932669557631,0.0005788019043393433,0.0004273556114640087,0.0006719099474139512,0.00042361291707493365,0.00030982369207777083,0.00023817447072360665,0.00027173772105015814,0.0007238343823701143,0.0008975222590379417,0.0006584852817468345,0.0007116185734048486,0.0007636016234755516,0.00048397877253592014,0.00023973015777301043,0.0005217734724283218,5e-05,0.0020421668887138367,0.0003854979295283556,0.0025709103792905807,0.0025726959574967623,0.0043887607753276825,0.002186172641813755,0.002574869664385915,0.0030187927186489105,0.0013831722317263484,0.0004130962479393929,0.0008743277285248041,0.0028856832068413496,0.003928734455257654,0.005322995595633984,0.003440924920141697,0.003445653012022376,0.003606172278523445,0.0004935007309541106,0.002529673743993044
38,0.00027569563826546073,0.0002635871060192585,0.0007574855699203908,0.0007296158582903445,0.0006017576088197529,0.0004266834584996104,0.0007551832241006196,0.00044073836761526763,0.00028368685161694884,0.00022570259170606732,0.00024015353119466454,0.0007013613940216601,0.0009240431245416403,0.0006679436191916466,0.000708871812094003,0.0007194832433015108,0.0004455216112546623,0.00021614025172311813,0.0005213140975683928,5e-05,0.00201417226344347,0.0004487645346671343,0.002829108852893114,0.0032344250939786434,0.0047494471073150635,0.002531955484300852,0.003247718093916774,0.003923207987099886,0.0011088501196354628,0.0004899381892755628,0.0008355590980499983,0.0027378504164516926,0.003815539414063096,0.0048954845406115055,0.003946319222450256,0.003665178781375289,0.0038571334443986416,0.00060975895030424,0.002718911971896887
39,0.0002730257692746818,0.00021571935212705284,0.0006829031626693904,0.0006717818905599415,0.0005913264467380941,0.00042305226088501513,0.0006588635733351111,0.00040001719025895,0.0002931821218226105,0.00020171009236946702,0.0002492758503649384,0.0006517994333989918,0.0008495792862959206,0.0006223617820069194,0.0007022561621852219,0.0007116618216969073,0.0004501312505453825,0.00021221461065579206,0.0004922700463794172,5e-05,0.0015566834481433034,0.00036582714528776705,0.002270460594445467,0.002894627396017313,0.004356476943939924,0.002237186534330249,0.0031597716733813286,0.0029992142226547003,0.0007917924085631967,0.0004051527939736843,0.0005693279090337455,0.0030883701983839273,0.00384924397803843,0.005525830667465925,0.0042645432986319065,0.0034889676608145237,0.0038478998467326164,0.000426410959335044,0.0025609880685806274
40,0.00028016517171636224,0.00023545019212178886,0.000691089837346226,0.0006475898553617299,0.0005721053457818925,0.0004029858682770282,0.0006849917117506266,0.0004119817167520523,0.00030294223688542843,0.00021373285562731326,0.00025928314425982535,0.0006288034492172301,0.0008202095632441342,0.0005496638477779925,0.000675637274980545,0.0006680116057395935,0.0004475519235711545,0.00021757776266895235,0.0004838762688450515,2.5e-05,0.0015472437953576446,0.0004767807258758694,0.002616886980831623,0.0027903036680072546,0.004166704602539539,0.0023969667963683605,0.00282060238532722,0.003440962405875325,0.0009496770217083395,0.0005152903031557798,0.0006895427359268069,0.002904689870774746,0.003764211665838957,0.004723844584077597,0.0034944454673677683,0.0033344365656375885,0.003487181384116411,0.000554123253095895,0.0024818831589072943
41,0.00025770359206944704,0.00020893309556413442,0.0006310090539045632,0.0005973414517939091,0.0005100128473713994,0.0003777940000873059,0.00060432986356318,0.0003640037029981613,0.0002674930728971958,0.00018246403487864882,0.00022443578927777708,0.0005939533584751189,0.000754720123950392,0.0005774901947006583,0.0006243586540222168,0.0006069780793040991,0.00039130580262281,0.00018586682563181967,0.00044223302393220365,2.5e-05,0.0015766185242682695,0.00046416447730734944,0.0023905630223453045,0.002371846465393901,0.003788695437833667,0.002364195417612791,0.0033892386127263308,0.0031330857891589403,0.0010852310806512833,0.0004603405832313001,0.0007786864298395813,0.0029773558489978313,0.003301049116998911,0.00609268993139267,0.004284505732357502,0.003406789619475603,0.003629244165495038,0.0005214712582528591,0.002556431572884321
42,0.00023769651306793094,0.00019614159828051925,0.0005941472481936216,0.0005811831797473133,0.00048498029354959726,0.0003432110243011266,0.0005417044158093631,0.00033276231260970235,0.0002599495346657932,0.0001778128935256973,0.00022376510605681688,0.0005640772287733853,0.0007491993601433933,0.0005442739347927272,0.000609187176451087,0.0005850254674442112,0.00039193948032334447,0.00018931027443613857,0.0004225758893880993,2.5e-05,0.0017533987993374467,0.0004000446351710707,0.0021867030300199986,0.0024861074052751064,0.004231980070471764,0.0021764759439975023,0.002392395632341504,0.002799611072987318,0.0010069983545690775,0.0004369241651147604,0.0006742335390299559,0.002558995969593525,0.003771582618355751,0.004646204877644777,0.003517680335789919,0.00337198399938643,0.003342406125739217,0.00047284021275117993,0.002345920307561755
43,0.00024979052250273526,0.00020627945195883512,0.0006464649341069162,0.0006015600520186126,0.0005074142245575786,0.00035918771754950285,0.000581679807510227,0.0003396055253688246,0.000261768902419135,0.000175452369148843,0.00022091266873758286,0.0005837832577526569,0.0007620576652698219,0.0005646496429108083,0.000638169760350138,0.0006120176403783262,0.0003936358552891761,0.00017899373779073358,0.00043796803220175207,2.5e-05,0.002046681474894285,0.00040266523137688637,0.0024551390670239925,0.00258602830581367,0.004353931173682213,0.0021888776682317257,0.0024121676106005907,0.0029387183021754026,0.001063492614775896,0.00043516422738321126,0.0007297311676666141,0.0026983965653926134,0.0036605740897357464,0.004830837249755859,0.00354278227314353,0.003551566507667303,0.0032302821055054665,0.00047172256745398045,0.002422153251245618
44,0.0002685431099962443,0.00020238099386915565,0.00061399070546031,0.0006018024287186563,0.0004580442328006029,0.0003628335543908179,0.0005337343900464475,0.0003601181961130351,0.0002620516170281917,0.00018037360860034823,0.00022414029808714986,0.0005647195503115654,0.0007441907073371112,0.000546820170711726,0.0006172767607495189,0.0005538264522328973,0.00037810305366292596,0.00018570746760815382,0.0004254808300174773,2.5e-05,0.001978982472792268,0.00048485829029232264,0.0024257893674075603,0.002573877340182662,0.004034973680973053,0.0023341772612184286,0.0033045837190002203,0.003125605173408985,0.0009835134260356426,0.0004949025460518897,0.0006887104245834053,0.0033009396865963936,0.003535252995789051,0.00580611964687705,0.004020203370600939,0.0036965052131563425,0.0034777428954839706,0.0004977360949851573,0.0025980263017117977
45,0.00024410983314737678,0.00020816056348849088,0.0006083351327106357,0.0006128987879492342,0.0005106531898491085,0.0003581696073524654,0.000597174686845392,0.00035939912777394056,0.00026404057280160487,0.00018804958381224424,0.00022496205929201096,0.000589747738558799,0.0007631686166860163,0.0005580573924817145,0.0006063268519937992,0.0006214928580448031,0.0003780722327064723,0.00018635022570379078,0.00043773185461759567,2.5e-05,0.0016597422072663903,0.0004074214375577867,0.0022060659248381853,0.002532943384721875,0.0038987183943390846,0.002309158444404602,0.003293213900178671,0.003330511273816228,0.0008661848260089755,0.00039972338709048927,0.0006322561530396342,0.0030353576876223087,0.0036554906982928514,0.005578303709626198,0.004138857126235962,0.0036301403306424618,0.0038123722188174725,0.0004426072118803859,0.0025460594333708286
46,0.00025408784858882427,0.0002004170382861048,0.0005983288283459842,0.0005846129497513175,0.0004681786522269249,0.0003442569577600807,0.0005650477833114564,0.0003493053081911057,0.00026272411923855543,0.00017690315144136548,0.00022384746989700943,0.0005412904429249465,0.000737334368750453,0.0005221946630626917,0.0006047890055924654,0.0005763376830145717,0.0003703699621837586,0.0001842094789026305,0.0004202352138236165,2.5e-05,0.002095498377457261,0.0004288953496143222,0.002502777148038149,0.002530299127101898,0.0042708455584943295,0.002387003041803837,0.0025458845775574446,0.0035199469421058893,0.0011852391762658954,0.000479307520436123,0.0008019790984690189,0.003036953741684556,0.0038038971833884716,0.005275266245007515,0.003743515582755208,0.003490080125629902,0.0035359873436391354,0.0004971207235939801,0.0025628055445849895
47,0.00022751952928956598,0.00019644750864244998,0.0005866254796274006,0.0005625493940897286,0.00047322962200269103,0.0003381044080015272,0.0005288225947879255,0.000330432434566319,0.0002560933353379369,0.0001739852741593495,0.00021515035768970847,0.0005582001758739352,0.000742016127333045,0.0005317507311701775,0.0005938888643868268,0.0005598291754722595,0.00036356993950903416,0.00017971231136471033,0.00041210700874216855,2.5e-05,0.001803389866836369,0.0005410806043073535,0.002393046161159873,0.002740411553531885,0.004627926740795374,0.0023912079632282257,0.002948261331766844,0.0035027291160076857,0.0011529088951647282,0.000559479056391865,0.0008408683352172375,0.0025513069704174995,0.0036635512951761484,0.004817849490791559,0.0034317621029913425,0.00326708285138011,0.0035747240763157606,0.0005626389174722135,0.0025205682031810284
48,0.00020630280778277665,0.00018147008086089045,0.0005936134839430451,0.0005709705292247236,0.00042980225407518446,0.00032081964309327304,0.000569243507925421,0.0003173200530000031,0.00024436719832010567,0.00016148682334460318,0.00021125581406522542,0.0005272245616652071,0.0007083378150127828,0.0004536235937848687,0.0005595518159680068,0.0005447894800454378,0.0003524784406181425,0.0001682616857578978,0.00039560662116855383,1.25e-05,0.0018324687844142318,0.0003759637475013733,0.002528989687561989,0.0026700461748987436,0.004304517060518265,0.0023163501173257828,0.0024765103589743376,0.0031393193639814854,0.0011455010389909148,0.00039485798333771527,0.0007586890133097768,0.0027285153046250343,0.003795667551457882,0.004896409809589386,0.0036966423504054546,0.003143163165077567,0.0034185934346169233,0.00048380583757534623,0.002450333908200264
49,0.0002769715792965144,0.00022030614491086453,0.0006091724499128759,0.000624476233497262,0.0005041795666329563,0.0003975595172960311,0.0005693532875739038,0.00038956894422881305,0.0002904732245951891,0.00019734198576770723,0.00025475950678810477,0.0005576571566052735,0.0007406753720715642,0.0005401513772085309,0.0006351473857648671,0.0005678730667568743,0.0004057292244397104,0.00021009749616496265,0.0004439718322828412,1.25e-05,0.001609290367923677,0.00046610631397925317,0.002418083604425192,0.002555784536525607,0.004085070453584194,0.0023410411085933447,0.003198775229975581,0.0033116289414465427,0.0008080422412604094,0.0004284934839233756,0.0005648657097481191,0.0032842084765434265,0.003626680001616478,0.0055885035544633865,0.004229281563311815,0.0037155691534280777,0.0036300127394497395,0.0004412280977703631,0.0025723702274262905
50,0.0002124211168847978,0.00022779959545005113,0.0006038584397174418,0.0005811998853459954,0.00044420515769161284,0.00032614966039545834,0.0005632366519421339,0.00034327193861827254,0.0002505209413357079,0.00019737399998120964,0.0002244210772914812,0.000545208400581032,0.0006995837320573628,0.0005005320417694747,0.0005691525293514132,0.0005440581007860601,0.00035477144410833716,0.00019191214232705534,0.0004099820798728615,1.25e-05,0.0018296040361747146,0.0004167303559370339,0.002361769787967205,0.0024675989989191294,0.004273582715541124,0.0024596904404461384,0.0028196636121720076,0.0036021394189447165,0.0008281604386866093,0.00039396891952492297,0.000590335635934025,0.00298686558380723,0.0037509144749492407,0.005522594321519136,0.0035487497225403786,0.003617542563006282,0.0035295134875923395,0.00042247807141393423,0.0025234390050172806
51,0.0002220485039288178,0.0001746657508192584,0.0005740684573538601,0.0005407740245573223,0.0004079994687344879,0.0003130885015707463,0.0004843159986194223,0.0003136996820103377,0.00023808258993085474,0.00015585942310281098,0.00020336968009360135,0.0005149867502041161,0.0007064372766762972,0.000459981441963464,0.0005419606459327042,0.0004923146916553378,0.00033169161179102957,0.0001635823427932337,0.00037994046579115093,1.25e-05,0.001881927251815796,0.0004305340989958495,0.0027260007336735725,0.002648750552907586,0.004166613798588514,0.002353765070438385,0.003007217077538371,0.0035783888306468725,0.0010646028677001595,0.00044849864207208157,0.0006531907129101455,0.00313579966314137,0.004056907724589109,0.00492455018684268,0.003938714507967234,0.003793935291469097,0.003532030386850238,0.0005046625155955553,0.002602560445666313
52,0.00021305012342054397,0.0002082261344185099,0.0006047968636266887,0.0005801193765364587,0.00042868556920439005,0.00031320820562541485,0.0005256973090581596,0.00032947261934168637,0.0002480648399796337,0.0001787631626939401,0.00021638361795339733,0.0005354709574021399,0.0006939481245353818,0.00047320255544036627,0.0005473686032928526,0.0004948282730765641,0.0003505237982608378,0.00017874148034024984,0.0003955861902795732,1.25e-05,0.0020204714965075254,0.0004146696883253753,0.0026387230027467012,0.0026177605614066124,0.004186262842267752,0.0023150865454226732,0.0028468023519963026,0.0033197617158293724,0.001141463639214635,0.0004268485645297915,0.0007308106287382543,0.002939176047220826,0.003908391110599041,0.004977162927389145,0.0038515753112733364,0.0035809450782835484,0.003569219959899783,0.0004773304972331971,0.002553469967097044
