epoch,Abdomen,Head,LForeFoot,LForeLeg,LHindFoot,LHindLeg,LMidFoot,LMidLeg,LowerThorax,Neck,Petiole,RForeFoot,RForeLeg,RHindFoot,RHindLeg,RMidFoot,RMidLeg,UpperThorax,loss,lr,val_Abdomen,val_Head,val_LForeFoot,val_LForeLeg,val_LHindFoot,val_LHindLeg,val_LMidFoot,val_LMidLeg,val_LowerThorax,val_Neck,val_Petiole,val_RForeFoot,val_RForeLeg,val_RHindFoot,val_RHindLeg,val_RMidFoot,val_RMidLeg,val_UpperThorax,val_loss
0,0.0038895600009709597,0.0037666030693799257,0.0036951634101569653,0.0037641176022589207,0.003870509099215269,0.0038789513055235147,0.003836875781416893,0.0038790623657405376,0.003572798566892743,0.0036105045583099127,0.0036188343074172735,0.003708837553858757,0.0037041977047920227,0.003874214831739664,0.003867360996082425,0.00380256911739707,0.003858529031276703,0.003559115109965205,0.0037643215619027615,1e-04,0.0037688908632844687,0.003725932678207755,0.0037459456361830235,0.0037044782657176256,0.0037904297932982445,0.0038107638247311115,0.0038517145439982414,0.003812093986198306,0.0033912768121808767,0.003428829601034522,0.00352967600338161,0.0037837550044059753,0.0036885228473693132,0.003792592789977789,0.003778251353651285,0.003814994590356946,0.003842678153887391,0.0033427525777369738,0.0037001988384872675
1,0.0037144399248063564,0.003437009174376726,0.0036621035542339087,0.003650065278634429,0.0038520540110766888,0.003793036798015237,0.003803140949457884,0.0037565194070339203,0.0031355966348201036,0.003175055840983987,0.0033689981792122126,0.0036856948863714933,0.0036477854009717703,0.003826949279755354,0.003775940276682377,0.0037661411333829165,0.0037772469222545624,0.003016643924638629,0.003602468641474843,1e-04,0.0034629954025149345,0.0029908183496445417,0.0038132283370941877,0.0036109520588070154,0.0037319865077733994,0.00371851515956223,0.003833434544503689,0.0037192979361861944,0.0028744523879140615,0.002749631879851222,0.003056011628359556,0.0036602932959795,0.0035910068545490503,0.0038469128776341677,0.0036806552670896053,0.0037746387533843517,0.003742914879694581,0.0025712314527481794,0.0034682767000049353
2,0.003407594980672002,0.0027219958137720823,0.0036528545897454023,0.003573064925149083,0.003821432823315263,0.003723696107044816,0.0037528856191784143,0.00368869723752141,0.0026099393144249916,0.002434173133224249,0.0026348535902798176,0.0036819428205490112,0.0035969542805105448,0.0038277602288872004,0.0037006617058068514,0.003770393319427967,0.0036595482379198074,0.002293794881552458,0.003364012809470296,1e-04,0.0030757661443203688,0.00249846326187253,0.0037703413981944323,0.0035786498337984085,0.003728289622813463,0.00362003524787724,0.003767304355278611,0.0036335268523544073,0.002327270805835724,0.002065793378278613,0.002215993357822299,0.0036858022212982178,0.0035194975789636374,0.0037901047617197037,0.003637182293459773,0.003788954811170697,0.003616824047639966,0.0020490637980401516,0.0032427143305540085
3,0.0027773543260991573,0.0022839915473014116,0.003636107314378023,0.0035076355561614037,0.003806288819760084,0.0036452615167945623,0.003728944808244705,0.0036334446631371975,0.002212217776104808,0.0018787995213642716,0.0020922392141073942,0.003644880373030901,0.0035218524280935526,0.0037948316894471645,0.0036010597832500935,0.003714448306709528,0.003629053710028529,0.0018965722993016243,0.003166944021359086,1e-04,0.002374557312577963,0.0020829150453209877,0.003693683771416545,0.0034844549372792244,0.0036982407327741385,0.003559366101399064,0.003734989557415247,0.003636688692495227,0.0018486002227291465,0.0016353002283722162,0.0017393693560734391,0.0037238886579871178,0.0034253497142344713,0.003754994599148631,0.0034976531751453876,0.0037496129516512156,0.0035945014096796513,0.0015763333067297935,0.0030450273770838976
4,0.0022339308634400368,0.0019563341047614813,0.003603175515308976,0.0034023600164800882,0.0037297606468200684,0.0035141734406352043,0.003671493846923113,0.00356373842805624,0.0018365090945735574,0.0015464158495888114,0.0017437904607504606,0.0036391131579875946,0.00341341202147305,0.0037171056028455496,0.003470413386821747,0.0036813742481172085,0.0035571663174778223,0.00167331553529948,0.0029974214266985655,1e-04,0.002017491264268756,0.001882089301943779,0.003650019643828273,0.0033348079305142164,0.0036075939424335957,0.00336459930986166,0.003669772297143936,0.0035021903458982706,0.001441066968254745,0.0013103525852784514,0.0014451125171035528,0.0036875491496175528,0.0033826478756964207,0.0036644169595092535,0.003453109646216035,0.0037073311395943165,0.0035751224495470524,0.0012274887412786484,0.0028845975175499916
5,0.001864615362137556,0.0017232026439160109,0.0035682746674865484,0.0033396182116121054,0.003652531886473298,0.0033866658341139555,0.0036594639532268047,0.003540203906595707,0.0015312375035136938,0.0013226978480815887,0.0014764671213924885,0.0036288851406425238,0.0032633733935654163,0.003670161124318838,0.003346116514876485,0.0036564338952302933,0.0035145306028425694,0.0014178513083606958,0.0028645729180425406,1e-04,0.0015939987497404218,0.001765811932273209,0.0035812240093946457,0.0032390111591666937,0.0035685093607753515,0.003203453728929162,0.003614462912082672,0.003474147291854024,0.0013301559956744313,0.0011521964333951473,0.0013589684385806322,0.0037080280017107725,0.003121276618912816,0.0035263022873550653,0.0032306816428899765,0.0036959992721676826,0.0034738557878881693,0.0011092163622379303,0.0027637386228889227
6,0.0016959792701527476,0.0016542894300073385,0.0036105718463659286,0.003218038473278284,0.003571742679923773,0.003238694742321968,0.003607966238632798,0.003496561199426651,0.001311739208176732,0.0012515794951468706,0.001282178913243115,0.003537999000400305,0.0031144237145781517,0.0036216089501976967,0.0032049769069999456,0.0036557482089847326,0.0034370380453765392,0.0013388775987550616,0.0027694457676261663,1e-04,0.0014221561141312122,0.0017478704685345292,0.0035662539303302765,0.0031018841546028852,0.003458352293819189,0.0030619658064097166,0.003649863414466381,0.0034205967094749212,0.0012291446328163147,0.0010543258395045996,0.0012628212571144104,0.0036502708680927753,0.0030094010289758444,0.0035456691402941942,0.0031008506193757057,0.0036581121385097504,0.003447356866672635,0.0013774932594969869,0.002709132619202137
7,0.0015844623558223248,0.001555988914333284,0.0035563651472330093,0.0030638775788247585,0.0035685263574123383,0.003003146965056658,0.003603433957323432,0.003410124685615301,0.001125093549489975,0.001094676903448999,0.0011463051196187735,0.0035526889842003584,0.0029875650070607662,0.0035720719024538994,0.0030649809632450342,0.0035902848467230797,0.00338082411326468,0.0011621755547821522,0.002667922992259264,1e-04,0.0013810768723487854,0.0017104758881032467,0.0035370620898902416,0.002987329149618745,0.0034662908874452114,0.0027270184364169836,0.0036082779988646507,0.0033551473170518875,0.0012724270345643163,0.0010132811730727553,0.0011862916871905327,0.0036956050898879766,0.0029283708427101374,0.003492442425340414,0.0029160669073462486,0.003651290200650692,0.0033501365687698126,0.0009512031683698297,0.0026238777209073305
8,0.0015103925252333283,0.0014847267884761095,0.0035344669595360756,0.002911727875471115,0.0035047850105911493,0.002715561306104064,0.0035994602367281914,0.0033431153278797865,0.001133160898461938,0.0010811475804075599,0.0011437820503488183,0.0035322336480021477,0.002811923623085022,0.003587417071685195,0.00280974293127656,0.0035671100486069918,0.003343286458402872,0.0011005286360159516,0.002595253987237811,1e-04,0.0013431280385702848,0.001532499911263585,0.003574244910851121,0.0027778504882007837,0.0035058297216892242,0.0025208473671227694,0.0036400631070137024,0.0033041660208255053,0.0010534088360145688,0.0009742831462062895,0.0011579254642128944,0.0035826724488288164,0.002674083923920989,0.0034534335136413574,0.0026342845521867275,0.003639425616711378,0.0033249875996261835,0.0009560079197399318,0.0025360630825161934
9,0.0014520107069984078,0.0014152900548651814,0.0035317980218678713,0.0027264943346381187,0.0035021232906728983,0.00243556615896523,0.0035654520615935326,0.003280211705714464,0.001065047807060182,0.001033947803080082,0.0010841783368960023,0.003477873746305704,0.0025933433789759874,0.0035045607946813107,0.002529519610106945,0.0035781448241323233,0.003272406058385968,0.0010932021541520953,0.0025078430771827698,1e-04,0.0013849810929968953,0.0015169312246143818,0.0035901127848774195,0.0026744280476123095,0.0033855345100164413,0.002288305666297674,0.0036401981487870216,0.0033103798050433397,0.0009969329694285989,0.0010151448659598827,0.0010684021981433034,0.0035477851051837206,0.0024558405857533216,0.00345454434864223,0.0025046400260180235,0.00357989314943552,0.003252639202401042,0.0008821614319458604,0.0024749364238232374
10,0.0013596201315522194,0.0013994049513712525,0.0034675339702516794,0.002491174964234233,0.0034819412976503372,0.002185508841648698,0.003596194786950946,0.0031912908889353275,0.0009621992940083146,0.000998508301563561,0.000992054701782763,0.0035152819473296404,0.0024598680902272463,0.0035278555005788803,0.0023508802987635136,0.003540138015523553,0.003188901813700795,0.0010266083991155028,0.0024297209456562996,1e-04,0.0012196125462651253,0.0015296867350116372,0.0034644913394004107,0.0023325704969465733,0.0034244623966515064,0.0021031571086496115,0.0036073694936931133,0.0030823913402855396,0.0009274691692553461,0.0009623685036785901,0.0009886262705549598,0.003567634616047144,0.002333984477445483,0.0034436695277690887,0.0022795626427978277,0.003594506997615099,0.003233555005863309,0.0008737652678973973,0.002387160202488303
11,0.001301637734286487,0.0013562006643041968,0.00344193447381258,0.0022973010782152414,0.0034579779021441936,0.0020713098347187042,0.0035816144663840532,0.0031645754352211952,0.0009278392535634339,0.0009514438570477068,0.0009766441071406007,0.003489868715405464,0.0023411945439875126,0.0034709132742136717,0.002163510536774993,0.003523515770211816,0.003129528136923909,0.0009680037619546056,0.0023675011470913887,1e-04,0.0013207858428359032,0.001597292604856193,0.003603906137868762,0.0023035272024571896,0.0033754173200577497,0.0022778483107686043,0.0035842994693666697,0.003214901080355048,0.0009601371712051332,0.001211342285387218,0.0011851652525365353,0.0034629511646926403,0.0022242225240916014,0.0033947620540857315,0.0020248168148100376,0.0035649642813950777,0.0030433586798608303,0.0009320445242337883,0.002404541242867708
12,0.0013320435537025332,0.001333147520199418,0.0034382122103124857,0.0022228285670280457,0.0034492420963943005,0.001978399232029915,0.0035395349841564894,0.003109784098342061,0.0009342476259917021,0.0009394358494319022,0.000991629553027451,0.003416843246668577,0.0021766312420368195,0.0034267352893948555,0.002062953310087323,0.003519494319334626,0.003055320819839835,0.001016882830299437,0.002330186776816845,1e-04,0.0012105524074286222,0.0015365019207820296,0.0034701740369200706,0.0021217921748757362,0.0034055467694997787,0.002118640346452594,0.0035639593843370676,0.0031694313511252403,0.0009333002381026745,0.0009882596787065268,0.0010426808148622513,0.0035448584239929914,0.0023052517790347338,0.003397482680156827,0.0021514780819416046,0.003559270640835166,0.0031801462173461914,0.000891170057002455,0.0023661390878260136
13,0.0012713498435914516,0.0013294271193444729,0.003413424827158451,0.002092147246003151,0.003426990704610944,0.0019081627251580358,0.003519805846735835,0.0030094075482338667,0.0008684518979862332,0.0009414691012352705,0.0009138736058957875,0.003390030236914754,0.0021219211630523205,0.0034094275906682014,0.001990323420614004,0.003509881906211376,0.0030236351303756237,0.0009337000665254891,0.0022818564902991056,1e-04,0.0010926775867119431,0.0013616925571113825,0.0034047693479806185,0.00184557493776083,0.0033883326686918736,0.0020239301957190037,0.0035712814424186945,0.0029465246479958296,0.0008609671494923532,0.0009109012898989022,0.0009614000446163118,0.0034660338424146175,0.002176665933802724,0.003251055022701621,0.0019370183581486344,0.003524082014337182,0.0030542449094355106,0.0007747552590444684,0.002252883743494749
14,0.0012702050153166056,0.001287615392357111,0.003424101509153843,0.001957206055521965,0.0033971199300140142,0.001864213147200644,0.003501266473904252,0.0029786957893520594,0.0008343090303242207,0.0008791967411525548,0.0008749751723371446,0.0033382668625563383,0.002012962708249688,0.003383057424798608,0.0019057219615206122,0.003501216182485223,0.0029458634089678526,0.0008912706980481744,0.002235959516838193,1e-04,0.0011495272628962994,0.001440462889149785,0.0034137407783418894,0.0020690655801445246,0.003399959532544017,0.001869459985755384,0.0035556755028665066,0.0029917156789451838,0.0008180438308045268,0.0009070947417058051,0.0009595951996743679,0.0035499255172908306,0.0019013474229723215,0.0033515109680593014,0.0020523141138255596,0.0035181327257305384,0.0030424133874475956,0.0007392767001874745,0.0022627366706728935
15,0.0011794700985774398,0.0012765905121341348,0.0033890167251229286,0.0019369219662621617,0.0033420599065721035,0.001752858399413526,0.003459314117208123,0.0029186781030148268,0.0008552022627554834,0.0009299590601585805,0.0008915947400964797,0.003364408388733864,0.0020002885721623898,0.0033729190472513437,0.0018241455545648932,0.00347020267508924,0.0029001361690461636,0.0008924627327360213,0.0022086789831519127,1e-04,0.0011160809081047773,0.0015184823423624039,0.0033954214304685593,0.001808657543733716,0.0032948318403214216,0.0019276025705039501,0.0034700892865657806,0.002907527843490243,0.000831348414067179,0.0010409128153696656,0.0009272690513171256,0.0033939192071557045,0.002010946860536933,0.0032090756576508284,0.0017518168315291405,0.0035319149028509855,0.0028045978397130966,0.0008071786141954362,0.0022082042414695024
16,0.0012017557164654136,0.0012401668354868889,0.0033580090384930372,0.0018721758387982845,0.0033172667026519775,0.0017200823640450835,0.0034797415137290955,0.002839238615706563,0.000806378957349807,0.0008654171251691878,0.0008414773037657142,0.003320591989904642,0.0018876849208027124,0.0033871119376271963,0.0017892831237986684,0.003448983421549201,0.0028468116652220488,0.0008532883366569877,0.00217085937038064,1e-04,0.0011966065503656864,0.0015011773211881518,0.003394357394427061,0.00175773655064404,0.00334333092905581,0.0020582701545208693,0.003529550274834037,0.0028756067622452974,0.000929503352381289,0.0009747461299411952,0.0010056161554530263,0.0034818442072719336,0.002028832910582423,0.0033789246808737516,0.0019016796723008156,0.0035775224678218365,0.002996256109327078,0.0008312433492392302,0.0022646004799753428
17,0.0012396464589983225,0.0012472271919250488,0.003330506617203355,0.0018595552537590265,0.0033209016546607018,0.0017231516540050507,0.0034834707621484995,0.002846541814506054,0.0008509708568453789,0.0008917326922528446,0.0009009251953102648,0.003307429375126958,0.0018407168099656701,0.00331573816947639,0.0018236920004710555,0.003405330702662468,0.0028130020946264267,0.0009134695865213871,0.0021730007138103247,1e-04,0.0011662825709208846,0.001355556771159172,0.003369419602677226,0.0016581453382968903,0.0032875952310860157,0.001978847896680236,0.0033990535885095596,0.0028333968948572874,0.0008820100338198245,0.0009664795361459255,0.0009706479613669217,0.0033989325165748596,0.002049302449449897,0.0033792394679039717,0.0017097232630476356,0.003552031936123967,0.0028210515156388283,0.0008581895381212234,0.0022019948810338974
18,0.0012151559349149466,0.001245236024260521,0.0032804321963340044,0.0018392842030152678,0.003347699763253331,0.0017035790951922536,0.0033987739589065313,0.0027461093850433826,0.0008351959404535592,0.0008501192205585539,0.000877195387147367,0.0032836918253451586,0.0017610962968319654,0.0032639349810779095,0.001669076969847083,0.003440868342295289,0.002735163550823927,0.0009028606582432985,0.0021330821327865124,1e-04,0.00105538428761065,0.0014669852098450065,0.003353339387103915,0.0018497637938708067,0.0032230110373347998,0.001735403435304761,0.0034933786373585463,0.0027618794701993465,0.000803899485617876,0.0008206128259189427,0.0008235285058617592,0.003329859348013997,0.001699203858152032,0.003218889469280839,0.0017590444767847657,0.003446784568950534,0.0027907048352062702,0.0007805363857187331,0.002134011359885335
19,0.0011700779432430863,0.0012157849268987775,0.003269563429057598,0.0017578020924702287,0.003324853489175439,0.0016151809832081199,0.003431650111451745,0.002680424368008971,0.00081714300904423,0.0008381101652048528,0.0008582012378610671,0.003249503904953599,0.0017413670429959893,0.0032433255109936,0.0016791516682133079,0.0034146266989409924,0.0026374924927949905,0.0008482043049298227,0.0020995817612856627,1e-04,0.0009809972252696753,0.0014131548814475536,0.0033310120925307274,0.0017634123796597123,0.0032061971724033356,0.0017639289144426584,0.0034466295037418604,0.0028257090598344803,0.0008075753576122224,0.0009102782933041453,0.0008393701282329857,0.003222353057935834,0.001671483856625855,0.003228705609217286,0.0016679477412253618,0.0035007833503186703,0.002705920720472932,0.0007468688418157399,0.002112907124683261
20,0.0011571800569072366,0.0012290362501516938,0.0032404824160039425,0.0018008304759860039,0.0033097993582487106,0.0016119206557050347,0.0034110122360289097,0.0026293129194527864,0.0008045433205552399,0.0008843125542625785,0.0008256611181423068,0.003238644450902939,0.0017035127384588122,0.0032573470380157232,0.0016637962544336915,0.0034135885071009398,0.002614219207316637,0.000872638076543808,0.0020926580764353275,1e-04,0.00103987124748528,0.001438009086996317,0.003229685826227069,0.0016533832531422377,0.003214735770598054,0.0016573457978665829,0.003491996554657817,0.0025839644949883223,0.0008008962031453848,0.0009707079152576625,0.0009067578357644379,0.0032639873679727316,0.0016398376319557428,0.0031599323265254498,0.0016594977350905538,0.003384444396942854,0.0026157847605645657,0.0007374497363343835,0.002080460311844945
21,0.0011030632304027677,0.0011921088444069028,0.003234243718907237,0.0016958197811618447,0.00323311984539032,0.0015409246552735567,0.0034303057473152876,0.0025698950048536062,0.0007923837401904166,0.0008404735126532614,0.0008172692032530904,0.0031977349426597357,0.001728018862195313,0.003243621438741684,0.0015724137192592025,0.003350374521687627,0.0025021876208484173,0.0008738444885239005,0.002050989307463169,1e-04,0.0010761639568954706,0.0013342277379706502,0.003211463801562786,0.0016060362104326487,0.003207215340808034,0.0018183985957875848,0.0033821684774011374,0.0026320836041122675,0.000833811704069376,0.0008665539789944887,0.0008999834535643458,0.0032055408228188753,0.001736082718707621,0.0031348562333732843,0.0016198701923713088,0.0034835159312933683,0.002522666472941637,0.0007365238852798939,0.0020726199727505445
22,0.0011010515736415982,0.0011773869628086686,0.003158452222123742,0.0016137079801410437,0.0032460896763950586,0.001525331987068057,0.0034023576881736517,0.0024986632633954287,0.0007443022914230824,0.0008186781778931618,0.0007954697939567268,0.003135070437565446,0.001615930930711329,0.003278681542724371,0.0015886509791016579,0.0033770326990634203,0.002493449719622731,0.0007615162176080048,0.0020184337627142668,1e-04,0.0010569175938144326,0.0013496115570887923,0.0032135716173797846,0.0016971620498225093,0.0032567016314715147,0.0015793376369401813,0.0034689984750002623,0.002619347535073757,0.000783853349275887,0.0008950888877734542,0.0009284915868192911,0.0031871506944298744,0.0015882954467087984,0.0031223685946315527,0.001763801323249936,0.0034124241210520267,0.0025373115204274654,0.0006992502021603286,0.002064427128061652
23,0.0011673549888655543,0.0011857218341901898,0.0031434977427124977,0.0016426704823970795,0.0032494922634214163,0.0015484729083254933,0.003368999809026718,0.0024827211163938046,0.000786983291618526,0.0008171487716026604,0.0008399978978559375,0.0031100986525416374,0.001648005098104477,0.00321679818443954,0.001555873081088066,0.0033569519873708487,0.0024659414775669575,0.0008321644272655249,0.002023271983489394,1e-04,0.001190955052152276,0.0015012958319857717,0.0031610741280019283,0.00188038672786206,0.0032729494851082563,0.0015091421082615852,0.0034356785472482443,0.002446727827191353,0.0008027591975405812,0.0011642075842246413,0.0008592648082412779,0.003196209203451872,0.001665521296672523,0.003089738544076681,0.0018123977351933718,0.0034242377150803804,0.0025757309049367905,0.0008062988636083901,0.0020996984094381332
24,0.001163793494924903,0.0011318814940750599,0.0031047824304550886,0.0016372983809560537,0.003204429056495428,0.0014925557188689709,0.0033675620798021555,0.0023990068584680557,0.000776275061070919,0.0008057511295191944,0.0008186549530364573,0.0030800430104136467,0.0016202771803364158,0.003270324319601059,0.0016404404304921627,0.0033627760130912066,0.0023794041480869055,0.0008137263939715922,0.0020038324873894453,1e-04,0.0009639739291742444,0.0013957703486084938,0.0031941591296344995,0.001764270244166255,0.0031898601446300745,0.0016517286421731114,0.003451084950938821,0.0024858503602445126,0.0008066777954809368,0.0009116193396039307,0.0008130565984174609,0.003166686277836561,0.0015167141100391746,0.0032074868213385344,0.0017733497079461813,0.003359575057402253,0.002496280474588275,0.0007689056219533086,0.0020509471651166677
25,0.0011110063642263412,0.0011994121596217155,0.0030552565585821867,0.0015791021287441254,0.0032360462937504053,0.0014588023768737912,0.003325502388179302,0.0023579555563628674,0.000779748079366982,0.00079538015415892,0.000797565036918968,0.0030418611131608486,0.0015662946971133351,0.0031785382889211178,0.0015326477587223053,0.0033380077220499516,0.0023207366466522217,0.0008119315607473254,0.0019714334048330784,1e-04,0.0009468563948757946,0.0013791226083412766,0.0031697137746959925,0.0017209794605150819,0.003075777553021908,0.0014747325330972672,0.003416511695832014,0.002374717267230153,0.0007613241905346513,0.0008266426739282906,0.0008798338240012527,0.003049575025215745,0.0014928150922060013,0.0031979826744645834,0.0018708374118432403,0.003359959227964282,0.0024520335718989372,0.0006451373337768018,0.0020052529871463776
26,0.001070821424946189,0.0011269995011389256,0.0029900604858994484,0.0015363534912467003,0.0032211793586611748,0.0014147225301712751,0.0033608924131840467,0.002258382039144635,0.0007488786359317601,0.0007971130544319749,0.0007807797519490123,0.0029815339948982,0.0015792495105415583,0.0031900827307254076,0.0014680882450193167,0.003329521045088768,0.0022743698209524155,0.0007770868251100183,0.0019392285030335188,1e-04,0.0009858532575890422,0.0013675147201865911,0.0029807686805725098,0.001548430067487061,0.003144078189507127,0.0014196486445143819,0.00341010931879282,0.002222452312707901,0.0007851199479773641,0.0009106943616643548,0.00076136743882671,0.0031701724510639906,0.0016599096124991775,0.0031698846723884344,0.0018128311494365335,0.003426124807447195,0.0024863292928785086,0.000783595722168684,0.0020024937111884356
27,0.0011257483856752515,0.0012110049137845635,0.0030042834114283323,0.0015702109085395932,0.0032303554471582174,0.00153394415974617,0.0033054884988814592,0.002293564612045884,0.0007645199075341225,0.0008366613765247166,0.0007984581752680242,0.002991079818457365,0.0015206707175821066,0.0031896561849862337,0.0015013383235782385,0.00335860438644886,0.0022446129005402327,0.0007860938203521073,0.001959238899871707,1e-04,0.0009627289255149662,0.0012559433234855533,0.0030267739202827215,0.0016292856307700276,0.0031489748507738113,0.0017293053679168224,0.0034046522341668606,0.0023626997135579586,0.0007307006744667888,0.0008387487614527345,0.0008061043336056173,0.00300691113807261,0.0014796999748796225,0.0031133457086980343,0.0014938876265659928,0.003414824139326811,0.002207600511610508,0.0006462392047978938,0.0019588014110922813
28,0.0010628936579450965,0.0010740916477516294,0.002938014455139637,0.0014833357417955995,0.003191797761246562,0.001371622085571289,0.003325085388496518,0.002179032191634178,0.0007410827674902976,0.0007366923964582384,0.0007613615016452968,0.0028873002156615257,0.0014877825742587447,0.003146691946312785,0.0014346751850098372,0.0033012423664331436,0.0021792363841086626,0.0007673721411265433,0.001892738975584507,1e-04,0.0009653957677073777,0.0013710721395909786,0.003078401554375887,0.0016962210647761822,0.0031400437001138926,0.001716214814223349,0.003415047889575362,0.002366354689002037,0.0007156820502132177,0.0009719128138385713,0.0008072300115600228,0.002805865602567792,0.0015466867480427027,0.0030915564857423306,0.001520698657259345,0.003326654201373458,0.0024050751235336065,0.0006109605310484767,0.001975059974938631
29,0.0010788103099912405,0.0011397269554436207,0.0028924301732331514,0.001569536980241537,0.0031677617225795984,0.0013663574354723096,0.003341533476486802,0.0021782771218568087,0.0007338396389968693,0.000800004752818495,0.0007490928983315825,0.0028914979193359613,0.001421283814124763,0.003157270373776555,0.0014728381065651774,0.0032664705067873,0.0021734649781137705,0.0007894616574048996,0.0018994256388396025,1e-04,0.0009980787290260196,0.001326520461589098,0.0029170371126383543,0.0015797385713085532,0.0029852930456399918,0.0017089365283027291,0.00331578659825027,0.0022683122660964727,0.0007736836560070515,0.0008987020701169968,0.0008498294628225267,0.003034168155863881,0.001617751782760024,0.0032602394931018353,0.0015776855871081352,0.003400583518669009,0.002403153572231531,0.0007315941620618105,0.0019803938921540976
30,0.0011061773402616382,0.001136265229433775,0.0028671412728726864,0.0014787899563089013,0.0032108521554619074,0.0014087602030485868,0.0032737802248448133,0.002104526851326227,0.000734470842871815,0.0007563122198916972,0.00076897325925529,0.0028573181480169296,0.0014793573645874858,0.0031366501934826374,0.0014006012352183461,0.003331532934680581,0.0021453164517879486,0.0007824876811355352,0.0018877398688346148,1e-04,0.0010727286571636796,0.0013305948814377189,0.0029618102125823498,0.0015792835038155317,0.003137758933007717,0.0017264529597014189,0.003372407052665949,0.002206092234700918,0.0008323465008288622,0.0008918488165363669,0.0008710536640137434,0.0029009138233959675,0.0014794241869822145,0.0030539394356310368,0.001442338339984417,0.0033526464831084013,0.002182643162086606,0.0006869046483188868,0.0019489548867568374
31,0.0010671662166714668,0.0010899094631895423,0.0028283109422773123,0.0014411164447665215,0.0031506966333836317,0.0014146709581837058,0.003274187445640564,0.002080180449411273,0.0007323654717765749,0.0007517737103626132,0.0007631860207766294,0.0028159311041235924,0.0014569113263860345,0.003142865840345621,0.0013292181538417935,0.0032805486116558313,0.0020690751262009144,0.0007456763996742666,0.0018574327696114779,1e-04,0.0010490048443898559,0.0013754396932199597,0.0030020696576684713,0.0015320676611736417,0.0032003300730139017,0.0015813380014151335,0.0034141801297664642,0.0021986858919262886,0.0007760857115499675,0.0009242049418389797,0.0008238669252023101,0.0029940910171717405,0.0015524463960900903,0.003074334003031254,0.0015396210364997387,0.0033261445350944996,0.0022158438805490732,0.0007593000191263855,0.001963281072676182
32,0.0010786073980852962,0.0011021480895578861,0.002766428515315056,0.0014273857232183218,0.0031719172839075327,0.0013325449544936419,0.003326639998704195,0.0020427305717021227,0.000700618140399456,0.0007903234800323844,0.0007328265346586704,0.002820927882567048,0.0014300391776487231,0.0031128597911447287,0.0014197579585015774,0.0032236194238066673,0.00206215912476182,0.0007659452967345715,0.0018504151375964284,1e-04,0.0010679683182388544,0.001391272060573101,0.0028682432603091,0.0014895249623805285,0.0032127746380865574,0.001504769898019731,0.0033826783765107393,0.002147239400073886,0.0007692432263866067,0.0008650547824800014,0.0008487430750392377,0.002889130963012576,0.0015283635584637523,0.003278458258137107,0.0016250687185674906,0.003429254749789834,0.0025148943532258272,0.0006953940610401332,0.0019726708997040987
33,0.0011261443141847849,0.00112126674503088,0.0027548670768737793,0.0014943800633773208,0.003119615837931633,0.0013810229720547795,0.0032908262219280005,0.002049315720796585,0.0007661789422854781,0.0007903433870524168,0.0007817141595296562,0.0026984766591340303,0.001455034245736897,0.003129370044916868,0.001370479236356914,0.0032696884591132402,0.0020485934801399708,0.0007759887957945466,0.0018568502273410559,1e-04,0.0009428419871255755,0.0013778589200228453,0.0027139403391629457,0.0013372920220717788,0.003091853577643633,0.0015366529114544392,0.0033485472667962313,0.002138696610927582,0.0007015474257059395,0.0008218071889132261,0.0007044430240057409,0.0028599302750080824,0.0016221617115661502,0.0031058124732226133,0.0014623872702941298,0.0033340989612042904,0.0022823899053037167,0.0006300978711806238,0.0018895756220445037
34,0.0010564676485955715,0.0011449141893535852,0.0027301362715661526,0.0013670200714841485,0.0031474584247916937,0.0012837807880714536,0.003241457976400852,0.0019762993324548006,0.0006990936235524714,0.0007663296419195831,0.0006921082967892289,0.0027141713071614504,0.0013962845550850034,0.003157527418807149,0.0013807299546897411,0.0032359797041863203,0.00200450187548995,0.0007288979250006378,0.0018179534235969186,1e-04,0.0010194944916293025,0.0012395863886922598,0.0028691634070128202,0.001557617331854999,0.0031390131916850805,0.0015614874428138137,0.0033835982903838158,0.002182575175538659,0.0007753936224617064,0.0007766959024593234,0.0007845893269404769,0.0028389443177729845,0.0015553217381238937,0.0030955292750149965,0.0015562232583761215,0.00334562617354095,0.0021834485232830048,0.0006895431433804333,0.00191965838894248
35,0.0010646458249539137,0.0010701006976887584,0.00268546212464571,0.00142878876067698,0.0031547865364700556,0.0013368872459977865,0.003269731067121029,0.002015563426539302,0.0007172084297053516,0.0007418215391226113,0.0007384511991403997,0.002684340113773942,0.0013824827037751675,0.003101594280451536,0.0013184999115765095,0.0032496340572834015,0.001937751192599535,0.0007374819251708686,0.001813068869523704,1e-04,0.0011084129801020026,0.0014033386250957847,0.002770483959466219,0.00144848576746881,0.0030253722798079252,0.0016478061443194747,0.0033496527466923,0.0021277235355228186,0.0008151208749040961,0.0009971242398023605,0.0008922016131691635,0.0027538936119526625,0.001575925387442112,0.0031414043623954058,0.001500487793236971,0.003365566022694111,0.002231005346402526,0.0006981926271691918,0.0019362331368029118
36,0.0010530025465413928,0.0011161568108946085,0.0026593573857098818,0.0013825115747749805,0.00309451250359416,0.0013323294697329402,0.0031992984004318714,0.0019452192354947329,0.0007270073983818293,0.0007540087681263685,0.0007395556312985718,0.0025785304605960846,0.0013357952702790499,0.00307276239618659,0.0013096361653879285,0.0032303992193192244,0.0018592783017084002,0.0007435440202243626,0.0017851617885753512,1e-04,0.0010286177275702357,0.001318295137025416,0.0026962088886648417,0.0013621037360280752,0.003213169751688838,0.0015854252269491553,0.003384167095646262,0.002059199847280979,0.0007380002061836421,0.0011472892947494984,0.0008066922891885042,0.002687077270820737,0.0016463123029097915,0.0030362389516085386,0.0014914788771420717,0.0032855025492608547,0.002029858063906431,0.000660949619486928,0.0018986993236467242
37,0.001040926668792963,0.0010627454612404108,0.002606303198263049,0.0013367689680308104,0.003108087694272399,0.00126039853785187,0.0032747830264270306,0.0019046557135879993,0.0007096007466316223,0.0007342564640566707,0.0007270278874784708,0.00256631919182837,0.001365082454867661,0.0031046851072460413,0.0013581564417108893,0.0031619935762137175,0.0018604813376441598,0.0007485626265406609,0.0017739355098456144,1e-04,0.0010557054774835706,0.0015308622969314456,0.002733921865001321,0.001346234348602593,0.0031615246552973986,0.001618743292056024,0.0033261121716350317,0.0021883021108806133,0.0007739571738056839,0.0009610719862394035,0.0008167741470970213,0.0026793789584189653,0.0015199780464172363,0.002986602485179901,0.0013883451465517282,0.003330511273816228,0.0020426895935088396,0.0007178164087235928,0.0018988074734807014
38,0.0010428593959659338,0.0011128655169159174,0.0025676984805613756,0.0013616166543215513,0.003090097103267908,0.0012677540071308613,0.0032065685372799635,0.0018576746806502342,0.000663434446323663,0.0007560161757282913,0.0006947815418243408,0.002578227547928691,0.0013664980651810765,0.003094649873673916,0.0012530003441497684,0.003206295659765601,0.0018454458331689239,0.0007208063616417348,0.0017603496089577675,1e-04,0.0009309757151640952,0.0012979876482859254,0.0026370619889348745,0.0015208831755444407,0.003114373655989766,0.0013326610205695033,0.0032467630226165056,0.001941206050105393,0.000708811276126653,0.0008193329558707774,0.0007099057547748089,0.002645831787958741,0.0014059941750019789,0.002986899111419916,0.0015212451107800007,0.0032678376883268356,0.001986888935789466,0.0006452063098549843,0.0018177704187110066
39,0.0010409170063212514,0.0010652204509824514,0.002571152988821268,0.0013475905871018767,0.003080167109146714,0.001285506528802216,0.0031783459708094597,0.0018749277805909514,0.0007171256002038717,0.0007538842619396746,0.0007520410581491888,0.002506735734641552,0.0013307917397469282,0.0030729002319276333,0.0013555653858929873,0.00319212325848639,0.0018452402437105775,0.0007352175307460129,0.001761414110660553,1e-04,0.0009455917752347887,0.0014472142793238163,0.002650959650054574,0.0014760339399799705,0.0030752653256058693,0.001478752470575273,0.003355275606736541,0.002000645035877824,0.0007864153594709933,0.000944520637858659,0.0008801567018963397,0.0028076006565243006,0.0015117053408175707,0.0030190071556717157,0.0014635485131293535,0.0032674975227564573,0.002119903452694416,0.0006768342573195696,0.0018837181851267815
40,0.0010248929029330611,0.0010372952092438936,0.0025016337167471647,0.0013371132081374526,0.003087351331487298,0.0012763941194862127,0.003157935570925474,0.0018208243418484926,0.0006708457949571311,0.0007230663322843611,0.0006905756308697164,0.002521495334804058,0.0012538401642814279,0.0030635700095444918,0.0012324056588113308,0.0031970301643013954,0.0017940289108082652,0.0007157419458962977,0.0017281133914366364,1e-04,0.0009842903818935156,0.0013001600746065378,0.002753145294263959,0.0014982084976509213,0.0030294107273221016,0.0016139913350343704,0.00324544426985085,0.002104950835928321,0.0007774565019644797,0.0008400101214647293,0.0008350766729563475,0.002665985142812133,0.0013910888228565454,0.0031714318320155144,0.001485970220528543,0.003304694313555956,0.0020280396565794945,0.0007202316774055362,0.0018749769078567624
41,0.0010146674467250705,0.0010339380241930485,0.0024971645325422287,0.001284708152525127,0.003107737982645631,0.001239274744875729,0.003160939086228609,0.0017609919887036085,0.0006823388976044953,0.0007013622671365738,0.000691993918735534,0.002486014738678932,0.0013030386762693524,0.0030155545100569725,0.0012686682166531682,0.003162609413266182,0.001815370167605579,0.0006864153547212481,0.0017173768719658256,1e-04,0.0009596808813512325,0.0014235242269933224,0.002761504612863064,0.0014375578612089157,0.0029727539513260126,0.0016980840591713786,0.00331506272777915,0.0021813351195305586,0.00068694754736498,0.0008516064845025539,0.0006954343407414854,0.0026800043415278196,0.0015348047018051147,0.003127840580418706,0.0014619625872001052,0.0032698458526283503,0.002024074550718069,0.000663570303004235,0.001874755136668682
42,0.0010303938761353493,0.001051872386597097,0.002473806496709585,0.001320109236985445,0.0030729202553629875,0.0012367651797831059,0.0031636329367756844,0.0017287845257669687,0.0007198128732852638,0.0007220744155347347,0.0007266632746905088,0.002399066463112831,0.0012647331459447742,0.0030383896082639694,0.0012527258368209004,0.003139681415632367,0.0017641379963606596,0.0007487955153919756,0.001714131562039256,1e-04,0.0010481583885848522,0.0013023330830037594,0.0026962975971400738,0.0014769245171919465,0.003096624743193388,0.0015209243865683675,0.0032834974117577076,0.0021896229591220617,0.000764537020586431,0.0008453950867988169,0.0008704013889655471,0.0027720071375370026,0.0013499445049092174,0.0030479321721941233,0.0015795495128259063,0.0032684423495084047,0.0019196136854588985,0.0006589418626390398,0.0018717303173616529
43,0.000985622056759894,0.001045149751007557,0.002388256136327982,0.0013111736625432968,0.0030997227877378464,0.0012445667525753379,0.003143379231914878,0.0017646029591560364,0.0006738764932379127,0.0007119706715457141,0.0006928761722519994,0.002410887973383069,0.001216274336911738,0.002990593435242772,0.0012218798510730267,0.0031101808417588472,0.001747067435644567,0.0006844658637419343,0.0016912531573325396,1e-04,0.0008895754581317306,0.0013305209577083588,0.0026836940087378025,0.0015995085705071688,0.0030504711903631687,0.0013565047411248088,0.003300387179479003,0.002056458732113242,0.0006609662668779492,0.0007674055523239076,0.000716031005140394,0.0026517959777265787,0.0012593147112056613,0.0030777163337916136,0.0015100273303687572,0.0032260697335004807,0.0020241281017661095,0.0006172721041366458,0.001820991630665958
44,0.0009908052161335945,0.0010062505025416613,0.0023564754519611597,0.0012423056177794933,0.0030764094553887844,0.00114622269757092,0.0031071247067302465,0.0016350640216842294,0.0006631932919844985,0.0006800376577302814,0.0006662164232693613,0.0023445424158126116,0.001218184712342918,0.0030210092663764954,0.0012117760488763452,0.003115305444225669,0.0016485867090523243,0.0006844623130746186,0.0016563317039981484,5e-05,0.0009876909898594022,0.0013062915531918406,0.002656298689544201,0.0014949884498491883,0.0029536886140704155,0.001637641224078834,0.003213099669665098,0.002070235786959529,0.0008206198690459132,0.0008852697210386395,0.0008588030468672514,0.0025582441594451666,0.001519537065178156,0.0030000556726008654,0.001264928258024156,0.0032110174652189016,0.0018011601641774178,0.0007710858481004834,0.0018339254893362522
45,0.0009500671294517815,0.0009862238075584173,0.0023076748475432396,0.001250497647561133,0.002985559403896332,0.001154343131929636,0.0030791095923632383,0.001617026049643755,0.0006508647929877043,0.0006710995803587139,0.0006321007967926562,0.0023059281520545483,0.0011710323160514235,0.0029787991661578417,0.001132492208853364,0.003074470441788435,0.0016428229864686728,0.0006821598508395255,0.001626236829906702,5e-05,0.0010096179321408272,0.0013565563131123781,0.002445303136482835,0.0013043462531641126,0.0029779081232845783,0.0014970413176342845,0.0032247707713395357,0.0018520215526223183,0.0007465758244507015,0.0008529829792678356,0.000792468897998333,0.002719655865803361,0.0015381780685856938,0.003080726368352771,0.0012601817725226283,0.0032358209136873484,0.0019514989107847214,0.0006726488936692476,0.0018065721960738301
46,0.0010134282056242228,0.000993642257526517,0.002325318055227399,0.001253101509064436,0.003017225069925189,0.0011711905244737864,0.0030487291514873505,0.0016476040473207831,0.0006736955838277936,0.0007172462646849453,0.0006729089072905481,0.0022674633655697107,0.0012013906380161643,0.0030013571958988905,0.001213870127685368,0.0031021353788673878,0.0015968115767464042,0.0007063744124025106,0.0016457497840747237,5e-05,0.0009163625072687864,0.0013078433694317937,0.0025698859244585037,0.0013583428226411343,0.003068149322643876,0.0014843681128695607,0.0032097692601382732,0.0019832474645227194,0.0006842236034572124,0.0008183743339031935,0.0007078823400661349,0.0026987800374627113,0.0014543067663908005,0.0030376871582120657,0.0013455325970426202,0.0032758726738393307,0.0018858874682337046,0.0006611223216168582,0.0018037575064226985
47,0.0010255634551867843,0.0010451020207256079,0.002219944493845105,0.0012496537528932095,0.0030442203860729933,0.0011735425796359777,0.0031016040593385696,0.0016447488451376557,0.0006988032255321741,0.000691695255227387,0.0007097036577761173,0.002302932320162654,0.0012150751426815987,0.0029787342064082623,0.0011986710596829653,0.0030255441088229418,0.0015966647770255804,0.0007309231441468,0.0016473961295560002,5e-05,0.001002322998829186,0.001416809856891632,0.002505540382117033,0.0014580035349354148,0.0030330526642501354,0.0015260011423379183,0.003259743331000209,0.002027114387601614,0.0007061448413878679,0.0008629431831650436,0.0007314328686334193,0.002644643187522888,0.0014307239325717092,0.003034193767234683,0.0012954033445566893,0.0031569995917379856,0.0017681465251371264,0.0006687392597086728,0.0018071088707074523
48,0.0009469147189520299,0.0009721246315166354,0.002267706673592329,0.0012236296897754073,0.0029976400546729565,0.0011131054488942027,0.003098848043009639,0.0015745407436043024,0.0006183967343531549,0.0006535830325447023,0.0006235871114768088,0.0022431679535657167,0.0011110251070931554,0.0029036561027169228,0.0010811603860929608,0.0030196260195225477,0.0015039932914078236,0.0006376620731316507,0.0015883540036156774,5e-05,0.0008968141046352684,0.0013330299407243729,0.0024963009636849165,0.0013281467836350203,0.0030336109921336174,0.0013874585274606943,0.0033032686915248632,0.001890796236693859,0.0006986844819039106,0.0008563399314880371,0.0007629180327057838,0.0026210539508610964,0.0014819643693044782,0.0029423797968775034,0.0014755395241081715,0.003104808274656534,0.0018695908365771174,0.0006494581466540694,0.0017851201118901372
49,0.000941140518989414,0.0010197096271440387,0.0022460659965872765,0.0011593046365305781,0.0029417250771075487,0.0011330345878377557,0.0030319432262331247,0.0015349860768765211,0.000667417305521667,0.0007375190034508705,0.0006679476355202496,0.0022351511288434267,0.0012380147818475962,0.0030469647608697414,0.0011745126685127616,0.003068233374506235,0.0015707695856690407,0.000681829173117876,0.0016164594562724233,5e-05,0.0009215419413521886,0.0012376969680190086,0.0024771487805992365,0.001395262312144041,0.003022933378815651,0.0015224963426589966,0.0032673003152012825,0.0018353202613070607,0.0007457264582626522,0.0007983913528732955,0.0008208598010241985,0.0025576355401426554,0.0014226773055270314,0.003019435564056039,0.001346639241091907,0.003146907314658165,0.002005399437621236,0.0006534805288538337,0.0017887138528749347
50,0.0009696216438896954,0.0009914626134559512,0.00220825569704175,0.0012217063922435045,0.0029908553697168827,0.0011538566322997212,0.0030233266297727823,0.0015561775071546435,0.0006588362739421427,0.0007031545392237604,0.0006392082432284951,0.002264391165226698,0.0012033905368298292,0.0029378735926002264,0.0011233823606744409,0.003039479022845626,0.0015722360694780946,0.000677973497658968,0.0016075102612376213,5e-05,0.0010563777759671211,0.0012408355250954628,0.0024919258430600166,0.001495957956649363,0.003026440506801009,0.001467208843678236,0.003215068019926548,0.001873827539384365,0.0007335500558838248,0.0008054772624745965,0.0008378282655030489,0.0025959464255720377,0.001332859043031931,0.002965596504509449,0.0015027918852865696,0.0031887583900243044,0.0017738323658704758,0.0006066494970582426,0.001789495931006968
51,0.0009973224950954318,0.0009732031612657011,0.002220617374405265,0.0011393532622605562,0.002937093609943986,0.0010880788322538137,0.0030378447845578194,0.0015809092437848449,0.0006867396296001971,0.0006630551652051508,0.0006878292188048363,0.002220660215243697,0.0012108967639505863,0.0029973266646265984,0.0012027965858578682,0.0029961972031742334,0.0015604925574734807,0.0007141635869629681,0.0016063653165474534,5e-05,0.0010567549616098404,0.001354971551336348,0.0024806393776088953,0.001372487167827785,0.0029577265959233046,0.00151384761556983,0.0032704893965274096,0.0019641101825982332,0.0008181044249795377,0.0008915328653529286,0.000872642791364342,0.0026359069161117077,0.0014658336294814944,0.0030351574532687664,0.0014329891419038177,0.0031156025361269712,0.001953178783878684,0.0007319655851460993,0.0018291076412424445
52,0.000997158931568265,0.0009962065378203988,0.002218106761574745,0.0012177096214145422,0.003018015529960394,0.0011159313144162297,0.003052279818803072,0.0015227373223751783,0.0006669071153737605,0.0006835274398326874,0.0006685882108286023,0.0021810762118548155,0.001164100132882595,0.0029286209028214216,0.0011433230247348547,0.003030556719750166,0.0015968758380040526,0.0006840341375209391,0.001604763907380402,5e-05,0.0009721685783006251,0.0012187877437099814,0.002374219009652734,0.0013956674374639988,0.0029624842572957277,0.0014715185388922691,0.0031736178789287806,0.0018596231238916516,0.0007677067769691348,0.0008577701519243419,0.0007786531350575387,0.0026216809637844563,0.0013863465283066034,0.0031287812162190676,0.0013984572142362595,0.003228992223739624,0.00184125907253474,0.0007004996296018362,0.0017854574834927917
53,0.0009543054620735347,0.0009760732646100223,0.0021765565034002066,0.001173370867036283,0.0029927026480436325,0.0011205163318663836,0.0030207387171685696,0.0015255908947438002,0.0006450783112086356,0.0006654805620200932,0.0006348199676722288,0.0021575980354100466,0.0011380375362932682,0.0029196443501859903,0.001128356670960784,0.0029880625661462545,0.0015009522903710604,0.0006571320118382573,0.001576389535330236,5e-05,0.001063565374352038,0.0013689252082258463,0.0024780381936579943,0.0014576647663488984,0.0029420906212180853,0.0014620922738686204,0.003231955925002694,0.0018112693214789033,0.00086427346104756,0.000938519777264446,0.0009258930804207921,0.0025332311633974314,0.0015495485858991742,0.003033851273357868,0.0015302932588383555,0.0031719401013106108,0.0018621932249516249,0.0008387380512431264,0.001836893381550908
54,0.0009417119435966015,0.0009698034264147282,0.002139367861673236,0.0011301034828647971,0.0029171027708798647,0.0010462231002748013,0.0030003420542925596,0.0014572221552953124,0.0006025767652317882,0.0006497675785794854,0.0005852518952451646,0.0020951966289430857,0.0011353703448548913,0.002923097927123308,0.001054714317433536,0.00299531826749444,0.0014713359996676445,0.000629167421720922,0.0015413154615089297,2.5e-05,0.0010470200795680285,0.0013102340744808316,0.002561620669439435,0.0016051853308454156,0.0030623641796410084,0.001487942528910935,0.003186573274433613,0.0019988780841231346,0.0007455019513145089,0.0008509441977366805,0.0008260514005087316,0.0024951277300715446,0.0012930650264024734,0.0029816078022122383,0.0014988506445661187,0.00318786408752203,0.0018317627254873514,0.0006804550066590309,0.00181394733954221
55,0.0008985955500975251,0.000970665249042213,0.0021350914612412453,0.00117013999260962,0.0028946073725819588,0.0010185613064095378,0.0029736522119492292,0.0014396633487194777,0.0006164868245832622,0.0006410037749446929,0.0006015494000166655,0.002108388813212514,0.0011030810419470072,0.0029070896562188864,0.001115649240091443,0.0030022156424820423,0.0014777332544326782,0.0006489006336778402,0.0015401706332340837,2.5e-05,0.0010595765197649598,0.0013840828323736787,0.002457351889461279,0.0013042934006080031,0.0030031120404601097,0.0015439391136169434,0.0031403505709022284,0.0018477966077625751,0.0007816114230081439,0.0009256092016585171,0.0008025323622860014,0.0025630593299865723,0.0014329650439321995,0.003028435865417123,0.001367703196592629,0.003272228641435504,0.0018832474015653133,0.0006570507539436221,0.0018030526116490364
56,0.0009810707997530699,0.0009260497172363102,0.002103310078382492,0.0011965802405029535,0.002935829572379589,0.0011031716130673885,0.0029664598405361176,0.0014566512545570731,0.0006162943318486214,0.000632181647233665,0.0006303453119471669,0.0021203202195465565,0.001066662953235209,0.0029363520443439484,0.0011279511963948607,0.0029633131343871355,0.001424137270078063,0.0006329690222628415,0.0015455355169251561,2.5e-05,0.0009537045261822641,0.0013444137293845415,0.002457729307934642,0.0014319138135761023,0.002971838228404522,0.0014998405240476131,0.0031842095777392387,0.0020930427126586437,0.0007228124886751175,0.0008240413735620677,0.0007543328101746738,0.0025810326915234327,0.0013787047937512398,0.0029271033126860857,0.001330645871348679,0.0031082762870937586,0.0017462591640651226,0.0006504529737867415,0.0017755752196535468
57,0.0009190519922412932,0.0009495053091086447,0.002085246378555894,0.0010583184193819761,0.0028524615336209536,0.0010286904871463776,0.0029992905911058187,0.0014486433938145638,0.0005855730269104242,0.0006405309541150928,0.0005876939394511282,0.0020656646229326725,0.001113671693019569,0.002947375876829028,0.0010931609431281686,0.0029119548853486776,0.0014347352553158998,0.0006073754047974944,0.0015182745410129428,2.5e-05,0.0009274089243263006,0.0013380520977079868,0.0025897184386849403,0.0014803842641413212,0.003027199301868677,0.0013241516426205635,0.003239416517317295,0.0019300696440041065,0.0007450308767147362,0.0008714426076039672,0.0007900017662905157,0.0023850081488490105,0.0013082495424896479,0.00290840701200068,0.0014066500589251518,0.003084830939769745,0.001671812147833407,0.0006686454289592803,0.0017609155038371682
58,0.0009443048038519919,0.0009852723451331258,0.002065165899693966,0.0011148086050525308,0.002917679725214839,0.0011003523832187057,0.0029229025822132826,0.001456288038752973,0.0006411950453184545,0.0006583603098988533,0.0006305384449660778,0.0021320898085832596,0.0011508233146741986,0.0029222951270639896,0.001108977128751576,0.0030378850642591715,0.0014783841324970126,0.0006519624730572104,0.0015510719968006015,2.5e-05,0.0010026006493717432,0.001302930642850697,0.00260879541747272,0.0013923320220783353,0.002990902401506901,0.001412946730852127,0.0032245090696960688,0.0018027735641226172,0.0007515578181482852,0.0008170917863026261,0.0008112853392958641,0.0025484124198555946,0.001394022605381906,0.0030225124210119247,0.0015015089884400368,0.003125599352642894,0.001886469079181552,0.0006385651067830622,0.001790823182091117
59,0.0009385609300807118,0.0009327325387857854,0.002105856779962778,0.0011455266503617167,0.0029513330664485693,0.0010147200664505363,0.0029172860085964203,0.0014244855847209692,0.0006212914013303816,0.0006193393492139876,0.0006051799282431602,0.002070228336378932,0.0010638056555762887,0.002872051205486059,0.0010663019493222237,0.002973104128614068,0.0013986019184812903,0.0006443749880418181,0.0015202653594315052,2.5e-05,0.0008949386538006365,0.0012822211720049381,0.0024017293471843004,0.0013416610890999436,0.002860704669728875,0.0012587072560563684,0.0031592317391186953,0.0017949322937056422,0.0007344640325754881,0.0008100621053017676,0.0007863955106586218,0.0025774419773370028,0.0014436342753469944,0.0030788546428084373,0.0014269197126850486,0.0031812225934118032,0.0018269099527969956,0.0006199786439538002,0.001748889684677124
60,0.0009661747026257217,0.0009952830150723457,0.0021503688767552376,0.001190928160212934,0.0029267375357449055,0.001095757819712162,0.002986025530844927,0.0014750270638614893,0.0006499660667032003,0.0006662065861746669,0.0006466438062489033,0.0020511336624622345,0.0011438715737313032,0.0029383706860244274,0.0010924619855359197,0.002949811751022935,0.0014801087090745568,0.0006890733493492007,0.0015607752138748765,2.5e-05,0.0009839629055932164,0.0013893342111259699,0.0024256526958197355,0.0013892145361751318,0.002976896706968546,0.0014495308278128505,0.003296884708106518,0.0018820753321051598,0.0007171522011049092,0.0008092830539681017,0.0007561223465017974,0.0024892077781260014,0.0012770602479577065,0.002892269752919674,0.001217857701703906,0.003057954367250204,0.0017424218822270632,0.0006558614550158381,0.0017449300503358245
61,0.0009168059332296252,0.000965797808021307,0.0020668457727879286,0.0010976180201396346,0.0028929435648024082,0.0010659379186108708,0.002966421190649271,0.0014672562247142196,0.0006232364685274661,0.0006408832268789411,0.0006236339686438441,0.0021066449116915464,0.001080825342796743,0.0029164771549403667,0.0011043741833418608,0.0029643557500094175,0.0014523386489599943,0.0006253285682760179,0.001532095717266202,2.5e-05,0.0010224030120298266,0.0013461922062560916,0.0025639845989644527,0.001377076143398881,0.0030893604271113873,0.0013516915496438742,0.003254955867305398,0.0017508772434666753,0.0007235064986161888,0.0008180362638086081,0.0008313467260450125,0.002470783656463027,0.0013539833016693592,0.002953434130176902,0.001522535691037774,0.003090063575655222,0.00194428616669029,0.0006235793698579073,0.0017826720140874386
62,0.0009314767085015774,0.0009024111204780638,0.002021526452153921,0.0011206225026398897,0.002900925697758794,0.0010367851937189698,0.0030016866512596607,0.0014248411171138287,0.0005910085164941847,0.000609653361607343,0.0005876201903447509,0.002014110330492258,0.0010211466578766704,0.0028800899162888527,0.0010232141939923167,0.002880940679460764,0.0013190574245527387,0.0006086699431762099,0.0014930994948372245,2.5e-05,0.0009732967591844499,0.0014036474749445915,0.002538955071941018,0.0013793453108519316,0.0029080798849463463,0.0013408076483756304,0.0031707407906651497,0.0017063678242266178,0.0007930513238534331,0.000953313079662621,0.0007790944655425847,0.002497356850653887,0.001394165912643075,0.002944246167317033,0.0014223664766177535,0.0031295581720769405,0.0019536325708031654,0.0006940125022083521,0.0017767801182344556
63,0.000907388748601079,0.0009148292592726648,0.002036192687228322,0.0011271749390289187,0.0029109506867825985,0.0010350293014198542,0.002992805326357484,0.0014197417767718434,0.0006062787142582238,0.0006571297417394817,0.0006060346495360136,0.002045345725491643,0.0010320937726646662,0.0028806435875594616,0.001090061734430492,0.0029053278267383575,0.001405388000421226,0.0006297154468484223,0.0015112294349819422,2.5e-05,0.0009968666126951575,0.0012830900959670544,0.0025162561796605587,0.001481618033722043,0.0028347258921712637,0.0015125238569453359,0.003159513231366873,0.0018817982636392117,0.0007434756844304502,0.0008763052173890173,0.0007964985561557114,0.0024699950590729713,0.0014213339891284704,0.0030755389016121626,0.0013179698726162314,0.003162457374855876,0.0018321315292268991,0.0006849499768577516,0.0017803915543481708
64,0.0009331479668617249,0.000931508606299758,0.001985692186281085,0.0011213402030989528,0.0028741590213030577,0.0010454567382112145,0.002928861416876316,0.001385437441058457,0.0005969936610199511,0.000612255185842514,0.0005913072382099926,0.00205848622135818,0.0010451633716002107,0.00291214557364583,0.0010343929752707481,0.0029491824097931385,0.0013801922323182225,0.0006153407739475369,0.0015000595012679696,2.5e-05,0.0009578287717886269,0.00135341240093112,0.0026733216363936663,0.001408458105288446,0.002956482581794262,0.0013862760970368981,0.0031600825022906065,0.0020278405863791704,0.0006931386305950582,0.0007710118079558015,0.0007251759525388479,0.00231383484788239,0.0012898626737296581,0.0028786533512175083,0.0013690006453543901,0.003066970966756344,0.0016479140613228083,0.0006029055221006274,0.0017378986813127995
65,0.0009066048660315573,0.0009465875336900353,0.0020817560143768787,0.0011273045092821121,0.002841428155079484,0.0010376235004514456,0.002989167347550392,0.0014202884631231427,0.0005973626975901425,0.000660943565890193,0.000610830495133996,0.00200293050147593,0.0010941808577626944,0.0029077366925776005,0.0011091131018474698,0.0028874536510556936,0.0014033557381480932,0.0006228504935279489,0.0015137508744373918,2.5e-05,0.0009764393325895071,0.0012422935105860233,0.00242810882627964,0.0014335899613797665,0.002879891311749816,0.0013761906884610653,0.0031880135647952557,0.0018069088691845536,0.0007073047454468906,0.00082891940837726,0.0007816781289875507,0.002399050397798419,0.0012532980181276798,0.002990488428622484,0.0014017996145412326,0.0031359356362372637,0.0018433460500091314,0.0006399286794476211,0.001739621045999229
66,0.0009024227038025856,0.0009535607532598078,0.002062886720523238,0.0010855495929718018,0.0028593982569873333,0.0009783986024558544,0.0029319555032998323,0.0014033247716724873,0.0005739715998061001,0.0006064787157811224,0.0005726248491555452,0.0020036082714796066,0.0010664386209100485,0.002918668556958437,0.0010784523328766227,0.002884963294491172,0.0013864763313904405,0.0005971812061034143,0.0014925753930583596,2.5e-05,0.0008557758992537856,0.0011947792954742908,0.0022631201427429914,0.0013999935472384095,0.003056710585951805,0.0013595725176855922,0.003193191485479474,0.0018135489663109183,0.0006555367726832628,0.000761429313570261,0.0007305205217562616,0.0025702996645122766,0.0013039562618359923,0.002825934672728181,0.0013304835883900523,0.0030894901137799025,0.0018505469197407365,0.0006009067874401808,0.0017142111901193857
67,0.0009650686988607049,0.0009602314094081521,0.0019583047833293676,0.0011415734188631177,0.0028990989085286856,0.0010684207081794739,0.002950015477836132,0.0014302730560302734,0.0006483867182396352,0.0006767426384612918,0.0006410168134607375,0.0021438340190798044,0.0011021881364285946,0.0028864271007478237,0.0011169385397806764,0.0029382663778960705,0.0014305571094155312,0.0006659842329099774,0.0015346292639151216,2.5e-05,0.0008850895101204515,0.0013194388011470437,0.002394062001258135,0.001340930350124836,0.003005760023370385,0.0014694319106638432,0.003104914678260684,0.0019341844599694014,0.0006990432739257812,0.0008295722655020654,0.0007465980597771704,0.0025760044809430838,0.0015077523421496153,0.0029933464247733355,0.0013320051366463304,0.0031240989919751883,0.001817682757973671,0.0006614320445805788,0.0017634079558774829
68,0.0008860076777637005,0.0009094621054828167,0.0019932046998292208,0.001048517762683332,0.002929539419710636,0.0010223379358649254,0.0029826504178345203,0.0013711813371628523,0.0005805683904327452,0.0006116098375059664,0.000592490192502737,0.002051966730505228,0.0011051384499296546,0.0028348250780254602,0.0010690748458728194,0.0028770687058568,0.0013869180111214519,0.0005978524568490684,0.0014916898217052221,2.5e-05,0.0009669922292232513,0.0012796998489648104,0.002494879299774766,0.0013665994629263878,0.00294000213034451,0.0014744405634701252,0.003207627683877945,0.0019663157872855663,0.0006498171132989228,0.0008450011955574155,0.0006820526323281229,0.0025545102544128895,0.0013894937001168728,0.0030017876997590065,0.0012885920004919171,0.0030880176927894354,0.0016891288105398417,0.0006173236179165542,0.0017501268303021789
69,0.000888197566382587,0.0008919138927012682,0.0020229117944836617,0.0010750741930678487,0.0029017438646405935,0.001029816921800375,0.0028959407936781645,0.0013786846539005637,0.0006267044227570295,0.0005999841378070414,0.0006234553875401616,0.001929364399984479,0.0010386077919974923,0.0028648392762988806,0.0010582588147372007,0.0029071662575006485,0.0013678135583177209,0.0006161243072710931,0.0014842553064227104,2.5e-05,0.0009855901589617133,0.00126811140216887,0.0022577689960598946,0.001206078683026135,0.002931420924142003,0.0014718534657731652,0.003195415483787656,0.0018401637207716703,0.0007206472218967974,0.000854121521115303,0.0008510289480909705,0.0026482241228222847,0.0015392896020784974,0.003035508096218109,0.0012889121426269412,0.0031341782305389643,0.0018232915317639709,0.0006712340982630849,0.0017623798921704292
70,0.0009465551120229065,0.0009574751602485776,0.001984531059861183,0.001108823693357408,0.002815624000504613,0.0009828043403103948,0.002964802784845233,0.0013618693919852376,0.0005736752646043897,0.0006345363217405975,0.0005729511030949652,0.0020190738141536713,0.0010803432669490576,0.0028510454576462507,0.0010803408222272992,0.002859069500118494,0.001389466691762209,0.0006299866363406181,0.001489609363488853,2.5e-05,0.0009545943466946483,0.00128155795391649,0.002488916739821434,0.0014076876686885953,0.0028692465275526047,0.0013644011924043298,0.0032316893339157104,0.001790592446923256,0.0007619597599841654,0.0008308952674269676,0.0008193998946808279,0.0024921682197600603,0.001396638574078679,0.003088188823312521,0.0014479926321655512,0.00320244999602437,0.0019238035893067718,0.000658154662232846,0.0017783521907404065
71,0.0009079614537768066,0.0009182381327264011,0.0020107573363929987,0.001116718864068389,0.0028970488347113132,0.001036857720464468,0.0028842443134635687,0.0013924343511462212,0.000627651927061379,0.000607656838838011,0.0006206656107679009,0.001964583992958069,0.001049164799042046,0.0028605724219232798,0.0010636936640366912,0.002907938091084361,0.0013839791063219309,0.0006377754616551101,0.0014937743544578552,2.5e-05,0.0010341649176552892,0.0012514519039541483,0.0024233560543507338,0.001299757626838982,0.0030561957973986864,0.001389219076372683,0.0032316739670932293,0.0017444082768633962,0.0007674378575757146,0.0008462194819003344,0.0008206723723560572,0.002512098290026188,0.0014634205726906657,0.0028378793504089117,0.0014848194550722837,0.0030806148424744606,0.0018429949413985014,0.000697968527674675,0.0017657974967733026
72,0.0008997973636724055,0.0009403717122040689,0.001978828338906169,0.0011421393137425184,0.0029141679406166077,0.0010000296169891953,0.002903531538322568,0.0013464790536090732,0.0005764770321547985,0.0006338924285955727,0.0005711881094612181,0.0019758399575948715,0.0010103966342285275,0.0028060113545507193,0.001033538137562573,0.0029027725104242563,0.0013404716737568378,0.0005988152115605772,0.001476374687626958,1.25e-05,0.0009835356613621116,0.0012912836391478777,0.0023877990897744894,0.001361287897452712,0.002966866362839937,0.0014309689868241549,0.003188568400219083,0.0019207646837458014,0.0006856387481093407,0.0008032220648601651,0.0007647749735042453,0.0024452218785881996,0.0013469456462189555,0.0028970681596547365,0.0014035236090421677,0.0030607415828853846,0.001693547936156392,0.000617487879935652,0.0017360695637762547
73,0.0009248171700164676,0.0009183547808788717,0.0019425891805440187,0.0010557116474956274,0.0029183365404605865,0.0010317882988601923,0.002985198050737381,0.001384522533044219,0.0006232392624951899,0.0006185381207615137,0.0006259174551814795,0.0020037242211401463,0.0011052867630496621,0.002824695548042655,0.0010897754691541195,0.002842379966750741,0.0013894010335206985,0.0006307765142992139,0.001495280535891652,1.25e-05,0.0010246040765196085,0.00129196688067168,0.0024628255050629377,0.0014869037549942732,0.0028961976058781147,0.0016051812563091516,0.003078174777328968,0.0018762677209451795,0.000810266297776252,0.0008356214384548366,0.0008516462403349578,0.0024136044085025787,0.0013469698606058955,0.002998290816321969,0.001341684372164309,0.0031914080027490854,0.001777661731466651,0.0007318841526284814,0.001778953243046999
74,0.0009105243370868266,0.0008918719249777496,0.001953050959855318,0.0010808511869981885,0.0028656122740358114,0.0010537563357502222,0.0028835234697908163,0.0013238026294857264,0.0006286726566031575,0.0006263239192776382,0.0006222474039532244,0.0019451623084023595,0.0010593435727059841,0.0028334420640021563,0.0010255067609250546,0.002884275047108531,0.0013692432548850775,0.0006270869052968919,0.0014769057743251324,1.25e-05,0.0009742876281961799,0.0012502489844337106,0.0023758013267070055,0.0013025201624259353,0.002984244842082262,0.0012657383922487497,0.0031631060410290956,0.0018024975433945656,0.0007436828454956412,0.0007716906839050353,0.0008323186775669456,0.0024129615630954504,0.0014969909097999334,0.0028773322701454163,0.0015232685254886746,0.0031174474861472845,0.0018640707712620497,0.0006307321018539369,0.00174382992554456
75,0.0008919882820919156,0.0008706616354174912,0.0019452249398455024,0.0010246634483337402,0.0028696965891867876,0.0009937877766788006,0.0028983852826058865,0.0013228075113147497,0.0005539573612622917,0.0005737727042287588,0.0005509817274287343,0.0019354078685864806,0.0010036897147074342,0.0028014301788061857,0.0010192490881308913,0.0028699436224997044,0.0013290310744196177,0.0005473357741720974,0.0014445564011111856,1.25e-05,0.0009486767812632024,0.0012885526521131396,0.0025917731691151857,0.001421871711499989,0.002933470532298088,0.0015010437928140163,0.00314635899849236,0.0017247068462893367,0.000674377428367734,0.0008117898250930011,0.0007598374504595995,0.0024240247439593077,0.001377941225655377,0.0030589743983000517,0.0014643548056483269,0.003149542259052396,0.0019694932270795107,0.0006270867306739092,0.0017707707593217492
76,0.0009444757597520947,0.0008998478297144175,0.0020201103761792183,0.0010857010493054986,0.0028805991169065237,0.0009756756480783224,0.0028806114569306374,0.0013255559606477618,0.0005986362812109292,0.0006346053560264409,0.0006012957892380655,0.0019300339045003057,0.001040840521454811,0.0028054225258529186,0.0010999564547091722,0.002917274832725525,0.0014030258171260357,0.0006338212406262755,0.001482082880102098,1.25e-05,0.0009750073659233749,0.001312455628067255,0.002666283631697297,0.0015300390077754855,0.0030140345916152,0.0015259061474353075,0.0031670595053583384,0.0019299155101180077,0.0007673169602639973,0.0008767937542870641,0.0008340048370882869,0.0024098081048578024,0.0014108838513493538,0.0028593384195119143,0.001364462892524898,0.0031001518946141005,0.0017390853026881814,0.0007270623464137316,0.0017894229386001825
